#,Creator Handle,Brands Collaborated With,Full Name,Verified,Business / Professional,Total Followers,Following,Total Posts,Avg Likes / Post,Avg Comments / Post,Avg Profile ER%,Instagram Profile URL
1,@kartikaaryan,Skechers India,KARTIK AARYAN,Yes,Yes,50294891,1289,3388,138004,1359,0.28%,https://www.instagram.com/kartikaaryan/
2,@ananyapanday,Skechers India,Ananya 🌙,Yes,Yes,26281819,1613,1737,67476,1274,0.26%,https://www.instagram.com/ananyapanday/
3,@surya_14kumar,Skechers India,Surya Kumar Yadav (SKY),Yes,Yes,20366023,592,1291,702391,3299,3.47%,https://www.instagram.com/surya_14kumar/
4,@royalenfield,Gully Labs,Royal Enfield,Yes,Yes,3769746,26,5873,12225,19,0.32%,https://www.instagram.com/royalenfield/
5,@thevishnukaushal,Comet,Vishnu Kaushal,Yes,Yes,2104862,1113,1568,227869,1093,10.88%,https://www.instagram.com/thevishnukaushal/
6,@alayaf,Skechers India,ALAYA F,Yes,Yes,2073808,1165,1046,19593,320,0.96%,https://www.instagram.com/alayaf/
7,@sharktank.india,Gully Labs,Shark Tank India,Yes,Yes,1547638,25,3191,11794,62,0.77%,https://www.instagram.com/sharktank.india/
8,@bhaiyajiismile,Skechers India,Sonal Devraj,Yes,Yes,1118123,2009,1192,5595,69,0.51%,https://www.instagram.com/bhaiyajiismile/
9,@aryankatoch17,Gully Labs,Aryan Katoch,Yes,Yes,1103182,1852,360,75443,1158,6.94%,https://www.instagram.com/aryankatoch17/
10,@cartoon_snacks,Gully Labs,Cartoon Snacks,Yes,Yes,859392,271,26,125543,334,14.65%,https://www.instagram.com/cartoon_snacks/
11,@rashmeetkaur,Gully Labs,RASHMEET KAUR,Yes,Yes,836917,3,42,16968,90,2.04%,https://www.instagram.com/rashmeetkaur/
12,@gullycricket_in,Gully Labs,Gully Crickett,Yes,Yes,630625,227,419,33824,157,5.39%,https://www.instagram.com/gullycricket_in/
13,@theclassyfoodophile,Gully Labs,Pavitra Kaur,Yes,Yes,560101,2326,3707,6727,116,1.22%,https://www.instagram.com/theclassyfoodophile/
14,@anyasinghofficial,Skechers India,Anyaa Singh,Yes,Yes,517516,1196,313,16700,79,3.24%,https://www.instagram.com/anyasinghofficial/
15,@officialraga,Gully Labs,RAGA,Yes,Yes,489912,963,979,20288,152,4.17%,https://www.instagram.com/officialraga/
16,@anikjaindesign,Gully Labs,Anik Jain,Yes,Yes,480418,1801,1257,3828,45,0.81%,https://www.instagram.com/anikjaindesign/
17,@hamidbarkzi07,Skechers India,Hamid Barkzi,Yes,Yes,388435,1091,1461,768,17,0.20%,https://www.instagram.com/hamidbarkzi07/
18,@yesmallika,Gully Labs,Mallika Motiramani,Yes,Yes,381433,1007,462,10602,48,2.79%,https://www.instagram.com/yesmallika/
19,@harteerathsingh,Gully Labs,Harteerath Singh Ahluwalia,Yes,Yes,335930,24,1083,1533,30,0.47%,https://www.instagram.com/harteerathsingh/
20,@sameoldseth,Gully Labs,Seth Eaton,Yes,Yes,243090,3211,858,14104,124,5.85%,https://www.instagram.com/sameoldseth/
21,@winonakicks,Gully Labs,Charley McClay,Yes,Yes,231074,2155,1110,37430,112,16.25%,https://www.instagram.com/winonakicks/
22,@hemkunt_foundation,Gully Labs,Hemkunt Foundation,Yes,Yes,230727,3,1401,415,13,0.19%,https://www.instagram.com/hemkunt_foundation/
23,@smartkicksofficial,Gully Labs,Amit Pandey • India’s Sneaker Expert & Culture Creator,Yes,Yes,200449,202,1201,38041,209,19.08%,https://www.instagram.com/smartkicksofficial/
24,@itskivitime,Gully Labs,Kriti Vij and Viren Barman,No,Yes,190473,3,905,3543,30,1.88%,https://www.instagram.com/itskivitime/
25,@i.sahaj,Skechers India,Sahaj Singh,Yes,Yes,183147,1821,2813,829,43,0.48%,https://www.instagram.com/i.sahaj/
26,@capt_dvs,Skechers India,Capt. Dharmveer Singh,Yes,Yes,173074,7094,2075,1411,60,0.85%,https://www.instagram.com/capt_dvs/
27,@anuj.mp4,Gully Labs,Anuj Gupta,Yes,Yes,156713,992,257,2773,33,1.79%,https://www.instagram.com/anuj.mp4/
28,@agamjotsingh_10,Gully Labs,Agamjot Singh,Yes,Yes,156634,1217,384,2386,35,1.55%,https://www.instagram.com/agamjotsingh_10/
29,@parisa.barkzi,Skechers India,Parisa Barkzi,No,Yes,151512,996,1562,544,58,0.40%,https://www.instagram.com/parisa.barkzi/
30,@eeeeshika,Gully Labs,Eshika Tahilramani,No,Yes,140884,1339,903,2641,15,1.89%,https://www.instagram.com/eeeeshika/
31,@peachrinq,Gully Labs,Shaima,No,Yes,138345,675,257,3976,41,2.90%,https://www.instagram.com/peachrinq/
32,@subkocoffee,Gully Labs,Subko Coffee Roasters,Yes,Yes,119642,340,857,1855,14,1.56%,https://www.instagram.com/subkocoffee/
33,@rishiudapurkar,Gully Labs,Rishi Udapurkar,Yes,Yes,113651,800,216,4490,21,3.97%,https://www.instagram.com/rishiudapurkar/
34,@unoindiaofficial,Comet,UNO India,Yes,Yes,110348,1,457,14560,160,13.34%,https://www.instagram.com/unoindiaofficial/
35,@nirobrothers,Gully Labs,Nirvaan and Vedant,No,Yes,96835,2,22,7841,116,8.22%,https://www.instagram.com/nirobrothers/
36,@experiencebroadway_,Gully Labs,Broadway,Yes,Yes,95018,116,783,598,15,0.65%,https://www.instagram.com/experiencebroadway_/
37,@nirvainnn,Gully Labs,Nirvain,No,Yes,82093,336,362,6270,53,7.70%,https://www.instagram.com/nirvainnn/
38,@ex_dee_anas,Gully Labs,Md Anas,No,Yes,76988,5106,821,1738,32,2.30%,https://www.instagram.com/ex_dee_anas/
39,@farakwear,Comet,FARAK | फरक,Yes,Yes,70746,41,463,23278,178,33.16%,https://www.instagram.com/farakwear/
40,@illuminatedmilk,Gully Labs,Shachi,Yes,Yes,63655,2680,358,2046,65,3.32%,https://www.instagram.com/illuminatedmilk/
41,@harshiitarora,Gully Labs,Harshit Arora,Yes,Yes,55628,1140,649,254798,2153,461.91%,https://www.instagram.com/harshiitarora/
42,@negiraman,Gully Labs,Raman Negi,Yes,Yes,47009,1834,193,912,25,1.99%,https://www.instagram.com/negiraman/
43,@talesofcityofficial,Gully Labs,Tales of City ™,Yes,Yes,44037,6,540,2686,163,6.47%,https://www.instagram.com/talesofcityofficial/
44,@nick.shayden,Gully Labs,Nishchaiy Kamra,Yes,Yes,40713,997,341,2462,12,6.08%,https://www.instagram.com/nick.shayden/
45,@adityab27,"Comet, Gully Labs",Aditya Bhalla,Yes,Yes,40490,1183,828,4895,97,12.33%,https://www.instagram.com/adityab27/
46,@veronicasbombay,Comet,Veronica’s,No,Yes,39041,44,707,6645,74,17.21%,https://www.instagram.com/veronicasbombay/
47,@sooka.mag,Gully Labs,SOOKA,No,Yes,38093,128,402,42061,138,110.78%,https://www.instagram.com/sooka.mag/
48,@yashvi.bhaia,Gully Labs,yashvi bhaia,No,Yes,32650,1270,265,5999,96,18.67%,https://www.instagram.com/yashvi.bhaia/
49,@vagavoom,Gully Labs,Vani Verma,No,Yes,30734,3141,1652,1423,36,4.75%,https://www.instagram.com/vagavoom/
50,@odd.noteven,Comet,Odd Not Even,Yes,Yes,26563,2,106,4942,77,18.89%,https://www.instagram.com/odd.noteven/
51,@itspalakandmahir,Gully Labs,Palak & Mahir,No,Yes,23571,8,220,1781,6,7.58%,https://www.instagram.com/itspalakandmahir/
52,@ghar.1964,Gully Labs,GHAR 1964 | Stay & cafe | Sojha | Himachal📍,No,Yes,22188,81,423,6547,101,29.96%,https://www.instagram.com/ghar.1964/
53,@eternalramblings,Gully Labs,Mayank Mittal | KAPOW! | EternalRamblings,No,Yes,20485,2343,477,421,42,2.26%,https://www.instagram.com/eternalramblings/
54,@kevalnova,Gully Labs,Keval Patel,Yes,Yes,19340,264,214,2284,50,12.07%,https://www.instagram.com/kevalnova/
55,@jhillmildhoot,Comet,jhillmildhoot,No,Yes,18950,754,199,1457,48,7.94%,https://www.instagram.com/jhillmildhoot/
56,@akshay_freestyle,Gully Labs,Akshay Yadav |Football Freestyle,No,Yes,17820,1366,1045,591,41,3.55%,https://www.instagram.com/akshay_freestyle/
57,@gullylabs.global,Gully Labs,gullylabs.global,No,Yes,17077,28,64,1648,20,9.77%,https://www.instagram.com/gullylabs.global/
58,@itskapowtime,Gully Labs,KAPOW! (कपाओ!) 💣,Yes,Yes,15262,284,659,2148,16,14.18%,https://www.instagram.com/itskapowtime/
59,@saffaaah,Gully Labs,saffah👼🏽 | presenter & content creator,No,Yes,11927,4043,132,3,20,0.19%,https://www.instagram.com/saffaaah/
60,@dominasianmagazine,Gully Labs,DominAsian Magazine,No,Yes,10868,1971,470,567,11,5.32%,https://www.instagram.com/dominasianmagazine/
61,@lambo.drive,Gully Labs,Janesh Arya,Yes,Yes,10604,5036,63,1815,90,17.96%,https://www.instagram.com/lambo.drive/
62,@thecometnucleus,Comet,Comet Nucleus,No,Yes,8495,1,33,5534,73,66.00%,https://www.instagram.com/thecometnucleus/
63,@snkrhood.in,Gully Labs,SNKRHOOD,No,Yes,6325,3,211,675,5,10.75%,https://www.instagram.com/snkrhood.in/
64,@ukato.music,Gully Labs,UKato | Utkarsh Singh,No,Yes,5546,1985,81,1590,43,29.44%,https://www.instagram.com/ukato.music/
65,@delhiartweekend,Gully Labs,Delhi Art Weekend,Yes,Yes,4419,41,146,103,0,2.33%,https://www.instagram.com/delhiartweekend/
66,@amra.ldn,Gully Labs,AMRA,No,Yes,3966,2,19,509,16,13.24%,https://www.instagram.com/amra.ldn/
67,@gurshaabedi,Gully Labs,Gurshaa,No,Yes,3788,3399,447,2074,108,57.60%,https://www.instagram.com/gurshaabedi/
68,@utkgpt,Comet,Utkarsh Gupta,Yes,No,3051,1262,5,8079,120,268.73%,https://www.instagram.com/utkgpt/
69,@norbu.noises,Gully Labs,Norbu,No,Yes,1980,999,33,448,8,23.03%,https://www.instagram.com/norbu.noises/
70,@ofthewilderness.otw,Gully Labs,Of the Wilderness,No,Yes,857,15,60,50223,273,5892.18%,https://www.instagram.com/ofthewilderness.otw/
71,@quatre.creators,Gully Labs,Quatre,No,Yes,417,4,27,356,63,100.48%,https://www.instagram.com/quatre.creators/
72,@capsulindia,Comet,CAPSUL,Yes,No,0,0,0,2276,37,0.00%,https://www.instagram.com/capsulindia/
73,@amazonfashionin,Gully Labs,Amazon Fashion India,Yes,No,0,0,0,421,11,0.00%,https://www.instagram.com/amazonfashionin/
74,@bombaysweetshop,Gully Labs,Bombay Sweet Shop,Yes,No,0,0,0,694,27,0.00%,https://www.instagram.com/bombaysweetshop/
75,@casabacardiin,Comet,Casa Bacardi,No,No,0,0,0,8370,45,0.00%,https://www.instagram.com/casabacardiin/
76,@cmf.tech,Gully Labs,CMF by Nothing,Yes,No,0,0,0,4529,74,0.00%,https://www.instagram.com/cmf.tech/
77,@districtupdates,Gully Labs,District Updates,Yes,No,0,0,0,511,8,0.00%,https://www.instagram.com/districtupdates/
78,@evaxfried,Gully Labs,Eva Gurung🫧,No,No,0,0,0,805,42,0.00%,https://www.instagram.com/evaxfried/
79,@indiansneakerfestival,Comet,Indian Sneaker Festival,Yes,No,0,0,0,1702,31,0.00%,https://www.instagram.com/indiansneakerfestival/
80,@kanchhiiii,Gully Labs,Kanishk Anand,Yes,No,0,0,0,8133,31,0.00%,https://www.instagram.com/kanchhiiii/
81,@kommunedelhincr,Gully Labs,Kommune Delhi-NCR,No,No,0,0,0,910,30,0.00%,https://www.instagram.com/kommunedelhincr/
82,@medusaindia,Gully Labs,Medusa,Yes,No,0,0,0,439,8,0.00%,https://www.instagram.com/medusaindia/
83,@kauraverse,Gully Labs,KAURAVERSE,No,No,0,0,0,10303,112,0.00%,https://www.instagram.com/kauraverse/
84,@leada.in,Gully Labs,LEAD-A,No,No,0,0,0,5444,64,0.00%,https://www.instagram.com/leada.in/
85,@niviasports,Gully Labs,Nivia Sports,Yes,No,0,0,0,2579,45,0.00%,https://www.instagram.com/niviasports/
86,@myntra,"Comet, Gully Labs",MYNTRA,Yes,No,0,0,0,4981,227,0.00%,https://www.instagram.com/myntra/
87,@rahasyafragrances,Gully Labs,Rahasya Fragrances,No,No,0,0,0,3690,38,0.00%,https://www.instagram.com/rahasyafragrances/
88,@parvaazmusic,Gully Labs,parvaaz,Yes,No,0,0,0,1515,26,0.00%,https://www.instagram.com/parvaazmusic/
89,@skecherscricket,Skechers India,Skechers Cricket,No,No,0,0,0,450,14,0.00%,https://www.instagram.com/skecherscricket/
90,@thethirdspacedelhi,Gully Labs,Third Space,No,No,0,0,0,1339,14,0.00%,https://www.instagram.com/thethirdspacedelhi/
91,@yuzenmatcha,Gully Labs,Yūzen Matcha 友禅抹茶,No,No,0,0,0,447,6,0.00%,https://www.instagram.com/yuzenmatcha/
