#,Hierarchy Tier,Brand Name,State / Origin (HQ),Creator Handle,Followers,Views / Plays,Likes,Comments,Like-to-View %,Creator ER%,Post Date,Direct Instagram URL,Boost Status & Reason,Caption Preview
1,Tier 1: Toggle ON + Boosted,Gully Labs,"Pan-India / Delhi NCR (HQ: New Delhi, D2C)",@itskivitime,190473,1419376,3543,30,0.25%,1.88%,2026-02-11,https://www.instagram.com/p/DUncFu5kjIq/,"🚀 Heavily Boosted (Paid Ad Spend): High view count (1,419,376) with sub-0.35% like rate (0.25%) indicates paid video ads campaign",Is this cute?   Check out the new @gullylabs new colourways perfect for Valentine’s! They’ve got a couple of cool colourways that you can get for yourself and your QT3.14 😜
2,Tier 2: Toggle ON + Organic,Skechers India,Pan-India / Maharashtra (HQ: Mumbai),@surya_14kumar,20366023,38520394,702391,3299,1.82%,3.47%,2026-04-21,https://www.instagram.com/p/DXZGA7DNlRa/,⚪ Standard Organic: Baseline organic collab reach,"Glad to be part of the Skechers family. Playing my game, my way - with comfort that performs."
3,Tier 2: Toggle ON + Organic,Skechers India,Pan-India / Maharashtra (HQ: Mumbai),@kartikaaryan,50294891,2989452,161592,2439,5.41%,0.33%,2026-03-23,https://www.instagram.com/p/DWOXTPejRD6/,⚪ Standard Organic: Baseline organic collab reach,Keeping it effortless with @skechersindia Hotshots !! 🥰 #SkechersIndia #FindYourFlow #Skechers #Ad
4,Tier 2: Toggle ON + Organic,Skechers India,Pan-India / Maharashtra (HQ: Mumbai),@ananyapanday,26281819,1592036,86056,801,5.41%,0.33%,2026-08-18,https://www.instagram.com/p/DcK5rQpCJFv/,⚪ Standard Organic: Baseline organic collab reach,My new Skechers Hotshots are in town and I love it. Get yours now at @skechersindia 💜  #Skechersindia #SkechersHotshots #collab
5,Tier 2: Toggle ON + Organic,Gully Labs,"Pan-India / Delhi NCR (HQ: New Delhi, D2C)",@winonakicks,231074,1470133,70530,163,4.80%,30.59%,2026-07-15,https://www.instagram.com/p/DazDa4vNLzg/,⚪ Standard Organic: Baseline organic collab reach,Customizable?💥  #gullylabs #gullylabs001 #gullylabsbaaz
6,Tier 2: Toggle ON + Organic,Skechers India,Pan-India / Maharashtra (HQ: Mumbai),@kartikaaryan,50294891,1194133,123757,763,10.36%,0.25%,2026-02-26,https://www.instagram.com/p/DVNgI5CDT5z/,⚪ Standard Organic: Baseline organic collab reach,Energy check ✔️  Drip check ✔️ @skechersindia Hotshots mode: ON. 👟⚡ Find Your Flow and roll with it. 😎 #SkechersIndia #FindYourFlow #Skechers #Ad
7,Tier 2: Toggle ON + Organic,Gully Labs,"Pan-India / Delhi NCR (HQ: New Delhi, D2C)",@yashvi.bhaia,32650,495108,5999,96,1.21%,18.67%,2026-04-22,https://www.instagram.com/p/DXbzOf9CU0Q/,⚪ Standard Organic: Baseline organic collab reach,comment gully and ill send you the link⭐️  i’ve been wearing chappals to the club since 2022 & ur telling me i can finally be cool while doing it???  @gullylabs where were u when i was getting chappal slander  #ad
8,Tier 2: Toggle ON + Organic,Gully Labs,"Pan-India / Delhi NCR (HQ: New Delhi, D2C)",@sameoldseth,243090,406947,14104,124,3.47%,5.85%,2025-10-03,https://www.instagram.com/p/DPWe5vBDISd/,⚪ Standard Organic: Baseline organic collab reach,"This budget friendly premium sneaker is kind of a sleeper 👀  Meet the Gully Labs GL001 'Kulfi Kesar' 🤘  Made in local Indian factories with premium materials, the Kulfi Kesar celebrates the nation’s most nostalgic summer treat, inspired by the warm, "
9,Tier 2: Toggle ON + Organic,Skechers India,Pan-India / Maharashtra (HQ: Mumbai),@alayaf,2073808,362470,19593,320,5.41%,0.96%,2026-02-05,https://www.instagram.com/p/DUXrytHiK2T/,⚪ Standard Organic: Baseline organic collab reach,"Hands-free style for my busiest days, & always on time with my @Skechersindia Slip ins🙌👟   #SkechersIndia #SkechersSlipins #Skechers #Collab"
10,Tier 2: Toggle ON + Organic,Gully Labs,"Pan-India / Delhi NCR (HQ: New Delhi, D2C)",@anuj.mp4,156713,128202,2773,33,2.16%,1.79%,2026-04-09,https://www.instagram.com/p/DW6mEwijIht/,⚪ Standard Organic: Baseline organic collab reach,sorry @vedmaddison i’ll get @gullylabs to send u a pair next time ♥️
11,Tier 2: Toggle ON + Organic,Skechers India,Pan-India / Maharashtra (HQ: Mumbai),@i.sahaj,183147,93897,1020,51,1.09%,0.58%,2025-10-16,https://www.instagram.com/p/DP3mBceARYP/,⚪ Standard Organic: Baseline organic collab reach,#AD   @skechersindia Slip-ins was the only solution I was waiting for 😍  .  #Skechers #SkechersIndia
12,Tier 2: Toggle ON + Organic,Gully Labs,"Pan-India / Delhi NCR (HQ: New Delhi, D2C)",@illuminatedmilk,63655,52949,2046,65,3.86%,3.32%,2026-06-10,https://www.instagram.com/p/DZaU_axK7MH/,⚪ Standard Organic: Baseline organic collab reach,Your summer chappal is served 🦾 What does it remind you of?   Shop now on Gullylabs.in  #Ad 🧠 @atiyawalcottfits I’ve been obsessed with her style
13,Tier 4: Toggle OFF + Organic (Noise),Comet,"Pan-India / Karnataka (HQ: Bengaluru, D2C)",@thevishnukaushal,2104862,3906077,227869,1093,5.83%,10.88%,2026-03-11,https://www.instagram.com/p/DVvpnKhj5D8/,⚪ Standard Organic: Baseline organic collab reach,meri aura farming toh gayi bhaad mein 🙃  obsessed with @thecometuniverse peel off orange sneakers 🥰 launching today at 6 (only limited pieces available)   • ad #indianmemes #desi #funnyreels #comedy #desimom
14,Tier 4: Toggle OFF + Organic (Noise),Gully Labs,"Pan-India / Delhi NCR (HQ: New Delhi, D2C)",@harshiitarora,55628,3673485,254798,2153,6.94%,461.91%,2025-10-30,https://www.instagram.com/p/DQcAFiCE-V3/,⚪ Standard Organic: Baseline organic collab reach,Jhalar- a tale of expression . . ft. shahi collection by @gullylabs  @komalmunshii  shot by- @too.vishal  written and directed by yours truly. music- railgaadi by achint . . #sneakers #gullylabs #love #jhalar #storytelling #indiansneakers #2states
15,Tier 4: Toggle OFF + Organic (Noise),Gully Labs,"Pan-India / Delhi NCR (HQ: New Delhi, D2C)",@smartkicksofficial,200449,3511015,38041,209,1.08%,19.08%,2026-03-25,https://www.instagram.com/p/DWTyQ3rE3Ho/,⚪ Standard Organic: Baseline organic collab reach,"#1 Homegrown Sneaker brand of India, @gullylabs is going global. We presented Baaz by Gully Labs to the biggest names in the sneaker world. Let’s go big @gullylabs  {Gully Labs, ComplexCon, Complex Con Hong Kong, Hong Kong, Indian Sneaker Brand, Snea"
16,Tier 4: Toggle OFF + Organic (Noise),Skechers India,Pan-India / Maharashtra (HQ: Mumbai),@kartikaaryan,50294891,2733978,128665,876,4.71%,0.26%,2026-02-21,https://www.instagram.com/p/DVAmuRUiIms/,⚪ Standard Organic: Baseline organic collab reach,Fresh drop. Full power !! Warning: Too much drip & dance ahead. 👟 Find Your Flow with Skechers’ Hotshots. 😉⚡  #SkechersIndia #FindYourFLow #Skechers
17,Tier 4: Toggle OFF + Organic (Noise),Skechers India,Pan-India / Maharashtra (HQ: Mumbai),@ananyapanday,26281819,2564870,44383,3535,1.73%,0.18%,2026-02-26,https://www.instagram.com/p/DVOCi2cDPMp/,⚪ Standard Organic: Baseline organic collab reach,Steal the scene 🎬   @ananyapanday is bringing that hotshot energy to life.   Ready to step up with Skechers Hotshots? ❤️‍🔥  #SkechersIndia #FindYourFlow
18,Tier 4: Toggle OFF + Organic (Noise),Gully Labs,"Pan-India / Delhi NCR (HQ: New Delhi, D2C)",@cartoon_snacks,859392,2407650,125543,334,5.21%,14.65%,2026-08-10,https://www.instagram.com/p/Db3FKROvsaD/,⚪ Standard Organic: Baseline organic collab reach,Every mom's favourite weapon 😆 Faster than the speed of light😜😜😜#desiMom#MomPower#dogeshbhai✨️ @gullylabs
19,Tier 4: Toggle OFF + Organic (Noise),Gully Labs,"Pan-India / Delhi NCR (HQ: New Delhi, D2C)",@aryankatoch17,1103182,1862116,115406,2832,6.20%,10.72%,2026-01-25,https://www.instagram.com/p/DT7IJ8ogmdC/,⚪ Standard Organic: Baseline organic collab reach,"Roots, not rolls. let’s take it global 🌏 @gullylabs we did it. :)) Comment “shoe” for link 🔗  . . . . #devbhoomi #himachal #gullylabs #sharktankindia #pahadi"
20,Tier 4: Toggle OFF + Organic (Noise),Skechers India,Pan-India / Maharashtra (HQ: Mumbai),@ananyapanday,26281819,1449216,78336,417,5.41%,0.30%,2026-03-18,https://www.instagram.com/p/DWBi-3OjJ87/,⚪ Standard Organic: Baseline organic collab reach,The kind of sneakers you end up wearing everywhere 🥰 Find Your Flow with the all-new @skechersindia Hotshots.  #SkechersIndia #FindYourFlow #Skechers
21,Tier 4: Toggle OFF + Organic (Noise),Gully Labs,"Pan-India / Delhi NCR (HQ: New Delhi, D2C)",@aryankatoch17,1103182,1434860,77560,409,5.41%,7.07%,2025-11-25,https://www.instagram.com/p/DReNOLZkYjJ/,⚪ Standard Organic: Baseline organic collab reach,"Some people don’t blend in, not because they can’t, but because they were never meant to.  Buransh Red is for that kind of spirit.  Inspired by Aryan Katoch, artist and musician,who never dimmed a single colour to fit in, who chose loud over safe, cu"
22,Tier 4: Toggle OFF + Organic (Noise),Gully Labs,"Pan-India / Delhi NCR (HQ: New Delhi, D2C)",@sharktank.india,1547638,1159630,25404,76,2.19%,1.65%,2026-01-23,https://www.instagram.com/p/DT2uRIIDEPh/,⚪ Standard Organic: Baseline organic collab reach,"The Gully Labs store is truly one of a kind. 👟🦈 @gullylabs  Watch The New Episodes  Of Shark Tank India Season 5, Streaming Now Mon-Fri, 8 PM on Sony LIV.  @anupammittal.me @boatxaman  @namitathapar @vineetasng @1kunalbahl @amitjain_cardekho  @ritesh"
23,Tier 4: Toggle OFF + Organic (Noise),Skechers India,Pan-India / Maharashtra (HQ: Mumbai),@ananyapanday,26281819,1130905,61130,345,5.41%,0.23%,2026-03-10,https://www.instagram.com/p/DVtDoL0jKAa/,⚪ Standard Organic: Baseline organic collab reach,"Stepping out like a Hotshot! 😎 @ananyapanday shows how it’s done in her own pair of Skechers Hotshot.   Make it yours today.  #Skechers #SkechersIndia #FindYourFlow  [Skechers Hotshots collection, Lifestyle sneaker, All day comfort, Skechers urban sh"
24,Tier 4: Toggle OFF + Organic (Noise),Gully Labs,"Pan-India / Delhi NCR (HQ: New Delhi, D2C)",@ofthewilderness.otw,857,929125,50223,273,5.41%,5892.18%,2025-10-24,https://www.instagram.com/p/DQLsF_qEfZn/,⚪ Standard Organic: Baseline organic collab reach,From the mic to the sole - the hustle leaves its mark.  The AANDHI is here. Raga x Gully Labs.  For the ones who move different.
25,Tier 4: Toggle OFF + Organic (Noise),Comet,"Pan-India / Karnataka (HQ: Bengaluru, D2C)",@farakwear,70746,869524,39453,195,4.54%,56.04%,2025-11-17,https://www.instagram.com/p/DRKFvLDiLwa/,⚪ Standard Organic: Baseline organic collab reach,"COMET x FARAK.  Unboxed on popular demand. 19.11.2025.   Zameen and Aasmaan.  Some treasures are meant to be unearthed. Hand-blocked motifs, antique brushed soles, signature Farak buttons and handstitched labels with burnt edges. Every detail carries"
26,Tier 4: Toggle OFF + Organic (Noise),Gully Labs,"Pan-India / Delhi NCR (HQ: New Delhi, D2C)",@yesmallika,381433,848839,10602,48,1.25%,2.79%,2026-04-08,https://www.instagram.com/p/DW3yN8SjF6Y/,⚪ Standard Organic: Baseline organic collab reach,"my mom walked in on me while I was in bed sleeping with…   get your hands on the @gullylabs X @officialraga Aandhi Kobicha 👟😏  [sneakers, relatable, content, fashion, funny, mom, sneakerhead, indian, desi, homegrown]"
27,Tier 4: Toggle OFF + Organic (Noise),Gully Labs,"Pan-India / Delhi NCR (HQ: New Delhi, D2C)",@sooka.mag,38093,745913,42061,138,5.64%,110.78%,2025-12-11,https://www.instagram.com/p/DSH8cYgDD_E/,⚪ Standard Organic: Baseline organic collab reach,"Very few brands today understand that cultural relevance isn't a marketing tactic; it's a long-term relationship. Aryan Katoch's music has always lived in that space - grounded, sincere, and rooted in real stories even as he experiments with modern s"
28,Tier 4: Toggle OFF + Organic (Noise),Gully Labs,"Pan-India / Delhi NCR (HQ: New Delhi, D2C)",@gullycricket_in,630625,723671,33824,157,4.67%,5.39%,2026-06-24,https://www.instagram.com/p/DZ9T3jtNE6A/,⚪ Standard Organic: Baseline organic collab reach,"When @gullylabs passes the gully cricket vibe check ✅  the GL 002 Sprinter is a solid 10 on comfort, fit and looks  Check them out at gullylabs.com  . . . . #cricket #foryou #cricketvibes #explore #reels"
29,Tier 4: Toggle OFF + Organic (Noise),Gully Labs,"Pan-India / Delhi NCR (HQ: New Delhi, D2C)",@niviasports,90000,683506,2484,37,0.36%,2.80%,2025-12-23,https://www.instagram.com/p/DSm2vv4EU5v/,⚪ Standard Organic: Baseline organic collab reach,"Softie leather uppers for a premium, everyday feel. A futsal-inspired silhouette built to move, on and off the pitch. Cushioning designed for long days, late nights, and constant motion. Street-ready aesthetics backed by performance thinking. Represe"
30,Tier 4: Toggle OFF + Organic (Noise),Gully Labs,"Pan-India / Delhi NCR (HQ: New Delhi, D2C)",@kauraverse,93000,679068,10303,112,1.52%,11.20%,2026-02-10,https://www.instagram.com/p/DUk0adgEfbn/,⚪ Standard Organic: Baseline organic collab reach,Smell.  A sense that can transport you to a deeply cherished time. A single sniff holds the power to make you relive a million moments. Nostalgia. Freedom. Warmth. And the pure joy when all of it can be felt at once.  We expanded the Shaahi Collectio
31,Tier 4: Toggle OFF + Organic (Noise),Gully Labs,"Pan-India / Delhi NCR (HQ: New Delhi, D2C)",@rishiudapurkar,113651,673504,4490,21,0.67%,3.97%,2026-04-27,https://www.instagram.com/p/DXocOOLD4lH/,⚪ Standard Organic: Baseline organic collab reach,Been buying shoes for years. This is the first one I didn’t have to think twice about wearing. @gullylabs — didn’t expect this from an Indian brand but here we are. 🤍  And Mother I am sorry 🥹
32,Tier 4: Toggle OFF + Organic (Noise),Gully Labs,"Pan-India / Delhi NCR (HQ: New Delhi, D2C)",@myntra,8000000,623638,2325,110,0.37%,0.03%,2026-05-31,https://www.instagram.com/p/DZAb2NuzTDO/,⚪ Standard Organic: Baseline organic collab reach,Gully Labs is now on Myntra. Exclusively.  One app you already have on your phones. Now with us on it.  (And yeah - there’s something waiting for you there. Go look before everyone else does.)
33,Tier 4: Toggle OFF + Organic (Noise),Gully Labs,"Pan-India / Delhi NCR (HQ: New Delhi, D2C)",@aryankatoch17,1103182,566412,33364,233,5.89%,3.05%,2025-11-25,https://www.instagram.com/p/DRerq4ODIQj/,⚪ Standard Organic: Baseline organic collab reach,"I always knew Himachal deserved better representation. Not with the “magic herb” stereotype, but with dignity. We’re modern, yet sacred. We carry our Devta ji, aur apne log in everything we do. This @gullylabs collab isn’t a product , it’s a sentimen"
34,Tier 4: Toggle OFF + Organic (Noise),Gully Labs,"Pan-India / Delhi NCR (HQ: New Delhi, D2C)",@anikjaindesign,480418,494753,3828,45,0.77%,0.81%,2026-03-24,https://www.instagram.com/p/DWRF4Mqgfkq/,⚪ Standard Organic: Baseline organic collab reach,This is the kind of Indian design language I want to see more of…
35,Tier 4: Toggle OFF + Organic (Noise),Comet,"Pan-India / Karnataka (HQ: Bengaluru, D2C)",@unoindiaofficial,110348,464263,16371,197,3.53%,15.01%,2026-07-09,https://www.instagram.com/p/Dajz7EIBLlm/,⚪ Standard Organic: Baseline organic collab reach,"UNO™️ x COMET. 09.07.2026.  The deck is officially in play. Can’t SKIP this one!  Packed with hidden details, the shoe invites you to look closer. The experience is completed by a collectible life-sized UNO™️ box and a set of water tattoos!  The Vaul"
36,Tier 4: Toggle OFF + Organic (Noise),Comet,"Pan-India / Karnataka (HQ: Bengaluru, D2C)",@unoindiaofficial,110348,463196,12749,124,2.75%,11.67%,2026-07-08,https://www.instagram.com/p/DahN8sUBJ0h/,⚪ Standard Organic: Baseline organic collab reach,UNO™️ x COMET. 09.07.2026.  Your wild card has arrived. This one’s for collectors and for everyone who’s ever shouted “UNO”!   The Vault. Limited Drop. 800 Pairs Only. No Restocks.  Goes LIVE at 6PM on 09.07.2026.  ©️ 2026 Mattel.
37,Tier 4: Toggle OFF + Organic (Noise),Comet,"Pan-India / Karnataka (HQ: Bengaluru, D2C)",@myntra,8000000,457360,7638,344,1.67%,0.10%,2026-01-29,https://www.instagram.com/p/DUGJVtEidJ_/,⚪ Standard Organic: Baseline organic collab reach,@thecometuniverse is landing on Myntra.   30.01.2026. Live at 12am.  The Universe just got bigger.  #CometOnMyntra
38,Tier 4: Toggle OFF + Organic (Noise),Gully Labs,"Pan-India / Delhi NCR (HQ: New Delhi, D2C)",@theclassyfoodophile,560101,432116,6727,116,1.56%,1.22%,2026-05-25,https://www.instagram.com/p/DYv_okSvhSy/,⚪ Standard Organic: Baseline organic collab reach,"They said, “Why Cannes?” I said, “Why not?” ✨  From the streets of Paris to stories that felt bigger than me — every step was powered by belief, resilience, and a little bit of rebellion. 👠🇫🇷 Grateful to be walking this journey with @gullylabs 🥰  Com"
39,Tier 4: Toggle OFF + Organic (Noise),Comet,"Pan-India / Karnataka (HQ: Bengaluru, D2C)",@veronicasbombay,39041,405661,6645,74,1.64%,17.21%,2026-04-17,https://www.instagram.com/p/DXO5APvgXPy/,⚪ Standard Organic: Baseline organic collab reach,"COMET x VERONICA’S. 19.04.2026 🥪  We’ve been cooking for a while and we’re ready to serve.   Limited Drop. 500 Pairs Only. No Restocks.   Goes LIVE at Capsul, Bandra, Bombay on 19th April, Sunday at 10:30AM. 🧑‍🍳 @chefhussainshahzad"
40,Tier 4: Toggle OFF + Organic (Noise),Gully Labs,"Pan-India / Delhi NCR (HQ: New Delhi, D2C)",@kanchhiiii,477000,399033,13266,45,3.32%,2.79%,2026-01-19,https://www.instagram.com/p/DTsqXRMjCpg/,⚪ Standard Organic: Baseline organic collab reach,Jagah jagah mitar Gully Labs pehen rahein hai :)  Explore Page Gully Labs Sneakers Football Cleats
41,Tier 4: Toggle OFF + Organic (Noise),Comet,"Pan-India / Karnataka (HQ: Bengaluru, D2C)",@thecometnucleus,8495,391359,15638,133,4.00%,185.65%,2026-08-09,https://www.instagram.com/p/DbzyoEBhN__/,⚪ Standard Organic: Baseline organic collab reach,"ROCKETMAN. 11.08.2026 🚀  There’s something undeniably cool about watching a country build its own future in space. From the people behind the missions to the astronauts preparing for Gaganyaan, India’s first human spaceflight aboard an Indian rocket,"
42,Tier 4: Toggle OFF + Organic (Noise),Gully Labs,"Pan-India / Delhi NCR (HQ: New Delhi, D2C)",@officialraga,489912,388562,32166,262,8.28%,6.62%,2025-11-02,https://www.instagram.com/p/DQjQFMwDBKa/,⚪ Standard Organic: Baseline organic collab reach,"Every line he’s written sounds like someone trying to find peace in chaos. You can hear Delhi in his flow — the anger, the hunger, the rhythm of people who don’t wait to be understood.  He’s not chasing the world’s attention; he’s busy building his o"
43,Tier 4: Toggle OFF + Organic (Noise),Comet,"Pan-India / Karnataka (HQ: Bengaluru, D2C)",@farakwear,70746,376409,7104,161,1.89%,10.27%,2025-11-16,https://www.instagram.com/p/DRHvmnzASuW/,⚪ Standard Organic: Baseline organic collab reach,COMET x FARAK. 19.11.2025.  Heist of the year. Unearthing soon.   Special thanks to @tanmaybhat   Limited Drop. 700 Pairs Only. No Restocks.
44,Tier 4: Toggle OFF + Organic (Noise),Gully Labs,"Pan-India / Delhi NCR (HQ: New Delhi, D2C)",@itspalakandmahir,23571,356784,1781,6,0.50%,7.58%,2026-02-06,https://www.instagram.com/p/DUa_7KlkuZS/,⚪ Standard Organic: Baseline organic collab reach,"Who do you think was better dressed for our valentines night? ALSO CANT BELIEVE BOTH OF US GOT EACH OTHER @gullylabs 😂⭐️  Tags- [reels, relatable memes, relationship memes, dating memes, couples challenge, couples games]   #reels #relationshipmemes #"
45,Tier 4: Toggle OFF + Organic (Noise),Gully Labs,"Pan-India / Delhi NCR (HQ: New Delhi, D2C)",@ex_dee_anas,76988,336975,1738,32,0.52%,2.30%,2026-04-14,https://www.instagram.com/p/DXHguZkgeX-/,⚪ Standard Organic: Baseline organic collab reach,thank you yaar tune tareef ke kaabil samjha  #comedysketch #shoes #kyathatera🤔🤔🤔 #baal #baalveerreturns
46,Tier 4: Toggle OFF + Organic (Noise),Gully Labs,"Pan-India / Delhi NCR (HQ: New Delhi, D2C)",@officialraga,489912,334932,22899,138,6.84%,4.70%,2025-10-23,https://www.instagram.com/p/DQJs2zwEn7g/,⚪ Standard Organic: Baseline organic collab reach,"Gully Labs, Panchsheel Park, apni Dilli mein kal 5-7 baje milo, signing the first 50 pairs 💯💯"
47,Tier 4: Toggle OFF + Organic (Noise),Gully Labs,"Pan-India / Delhi NCR (HQ: New Delhi, D2C)",@sharktank.india,1547638,325649,5139,24,1.58%,0.33%,2026-01-23,https://www.instagram.com/p/DT2oChKEc8f/,⚪ Standard Organic: Baseline organic collab reach,"The story of an every entrepreneur! @gullylabs  Watch The New Episodes  Of Shark Tank India Season 5, Streaming Now Mon-Fri, 8 PM on Sony LIV.  @anupammittal.me @boatxaman  @namitathapar @vineetasng @1kunalbahl @amitjain_cardekho  @riteshagar @viraj."
48,Tier 4: Toggle OFF + Organic (Noise),Comet,"Pan-India / Karnataka (HQ: Bengaluru, D2C)",@adityab27,40490,324146,8833,117,2.73%,22.10%,2026-03-24,https://www.instagram.com/p/DWRQx_rARzr/,⚪ Standard Organic: Baseline organic collab reach,"Presenting X Lows WITH LOVE. Guest Designer Special. 25.03.2026🌸  Co-designed by Aditya Bhalla, creator, sneakerhead and culture maker.  We’re unboxing the biggest love, designed by one of the biggest voices in India’s growing sneaker culture.  This "
49,Tier 4: Toggle OFF + Organic (Noise),Comet,"Pan-India / Karnataka (HQ: Bengaluru, D2C)",@odd.noteven,26563,320814,8355,71,2.60%,31.72%,2026-02-04,https://www.instagram.com/p/DUVgqJ_Ae0u/,⚪ Standard Organic: Baseline organic collab reach,"COMET x ODDNOTEVEN. 06.02.2026.  Love is odd. And that’s the ultimate rebellion.  Embroidered heart motif, signature waffle sole swirled with a hit of pink, scribble-led shooting star. Every detail carries the same message. Love never plays safe.  Th"
50,Tier 4: Toggle OFF + Organic (Noise),Skechers India,Pan-India / Maharashtra (HQ: Mumbai),@bhaiyajiismile,1118123,318465,5595,69,1.76%,0.51%,2026-02-23,https://www.instagram.com/p/DVGUG_vjDbl/,⚪ Standard Organic: Baseline organic collab reach,"Good music. Great company. The perfect sneakers 👟💖 Skechers HotShots is SUCH a vibe 💃 Now it’s your turn to step in, dance it out & #FindYourFlow ✨ #skechersindia  Shot by: @gaurav_visuals HMU: @simarrbhasin  Production: @pandeyritika0611  Assisted b"
51,Tier 4: Toggle OFF + Organic (Noise),Gully Labs,"Pan-India / Delhi NCR (HQ: New Delhi, D2C)",@rashmeetkaur,836917,313908,16968,90,5.41%,2.04%,2026-02-12,https://www.instagram.com/p/DUplUkjEbc_/,⚪ Standard Organic: Baseline organic collab reach,"The Baraamda remembers the tilla once worn for celebration, now steps into the present.  GL003 Shaahi carries heritage forward,  in Roja Pink and Amra Ochre,  constructed for ambition. . . . Wardrobe- @ambr_india @dayandage.in @arthatelier @leada.in "
52,Tier 4: Toggle OFF + Organic (Noise),Skechers India,Pan-India / Maharashtra (HQ: Mumbai),@anyasinghofficial,517516,273892,16700,79,6.10%,3.24%,2026-05-15,https://www.instagram.com/p/DYWYSX4zc2V/,⚪ Standard Organic: Baseline organic collab reach,"Effortless never looked this good.  With @SkechersIndia Slip-ins™️ - no touching, no bending, just step in and go. 👟✨🔥  #Slipins #Skechers #SkechersIndia"
53,Tier 4: Toggle OFF + Organic (Noise),Gully Labs,"Pan-India / Delhi NCR (HQ: New Delhi, D2C)",@cmf.tech,243000,261031,7589,130,2.91%,3.18%,2026-02-03,https://www.instagram.com/p/DUTLvm6kWSq/,⚪ Standard Organic: Baseline organic collab reach,HARD WEAR: INITIALISING   Launching 04.02
54,Tier 4: Toggle OFF + Organic (Noise),Gully Labs,"Pan-India / Delhi NCR (HQ: New Delhi, D2C)",@sharktank.india,1547638,250075,4840,87,1.94%,0.32%,2026-01-23,https://www.instagram.com/p/DT2hIHREWMU/,⚪ Standard Organic: Baseline organic collab reach,"An Indian product that could go global! @gullylabs  Watch The New Episodes  Of Shark Tank India Season 5, Streaming Now Mon-Fri, 8 PM on Sony LIV.  @anupammittal.me @boatxaman  @namitathapar @vineetasng @1kunalbahl @amitjain_cardekho  @riteshagar @vi"
55,Tier 4: Toggle OFF + Organic (Noise),Comet,"Pan-India / Karnataka (HQ: Bengaluru, D2C)",@thecometnucleus,8495,238016,4377,58,1.84%,52.21%,2026-06-08,https://www.instagram.com/p/DZUyp9-t4G9/,⚪ Standard Organic: Baseline organic collab reach,How far would you go for something you love?  36000kms. From Brazil to Korea. Top secret materials. The X Lows have changed.
56,Tier 4: Toggle OFF + Organic (Noise),Gully Labs,"Pan-India / Delhi NCR (HQ: New Delhi, D2C)",@royalenfield,3769746,226162,12225,19,5.41%,0.32%,2026-05-13,https://www.instagram.com/p/DYRhGy4k99z/,⚪ Standard Organic: Baseline organic collab reach,"BAAZ HNTR - Raised by the streets, built for the hunt.  Royal Enfield X @gullylabs channels the raw urban instinct of the Hunter 350 into an iconic street sneakers.  Inspired by the motorcycle’s bold colourways and shaped with rider-first details, it"
57,Tier 4: Toggle OFF + Organic (Noise),Comet,"Pan-India / Karnataka (HQ: Bengaluru, D2C)",@thecometnucleus,8495,222197,2245,58,1.01%,27.11%,2026-06-13,https://www.instagram.com/p/DZhB8fbBwK8/,⚪ Standard Organic: Baseline organic collab reach,"F*ck around & find out is a lifestyle ⚽  The Official FAFO 2026 Referee Kit is here.  Drop shoulder jersey, red card in hand. You were never here to play nice. Never shy, never sorry.  Officiate as you please."
58,Tier 4: Toggle OFF + Organic (Noise),Gully Labs,"Pan-India / Delhi NCR (HQ: New Delhi, D2C)",@nirobrothers,96835,221812,7841,116,3.53%,8.22%,2026-07-11,https://www.instagram.com/p/DaprXl4Jeny/,⚪ Standard Organic: Baseline organic collab reach,S3 E27: Your sibling hates you for no reason
59,Tier 4: Toggle OFF + Organic (Noise),Comet,"Pan-India / Karnataka (HQ: Bengaluru, D2C)",@thecometnucleus,8495,208952,3142,84,1.50%,37.98%,2026-05-07,https://www.instagram.com/p/DYCYeBuB9tB/,⚪ Standard Organic: Baseline organic collab reach,"Apex noun ˈā-ˌpeks  plural apexes or apices ˈā-pə-ˌsēz   1. The top or highest point of something   2. The highest or culminating point  3. India’s most technical sneaker, engineered by Comet"
60,Tier 4: Toggle OFF + Organic (Noise),Gully Labs,"Pan-India / Delhi NCR (HQ: New Delhi, D2C)",@peachrinq,138345,196536,3976,41,2.02%,2.90%,2026-04-23,https://www.instagram.com/p/DXekEDLCsou/,⚪ Standard Organic: Baseline organic collab reach,My save urself Mumbai summer guide is here ☀️🔫  Did it all in @gullylabs latest drop 🤪🩵
61,Tier 4: Toggle OFF + Organic (Noise),Gully Labs,"Pan-India / Delhi NCR (HQ: New Delhi, D2C)",@adityab27,40490,194702,4401,122,2.26%,11.17%,2026-06-16,https://www.instagram.com/p/DZpmChczonx/,⚪ Standard Organic: Baseline organic collab reach,Bhai in logo ne Chappal bana di hai? Kuch bhi kar rahe hain!  @gullylabs 🩴🩴 durable toh hai Deluxe Chappal!!!
62,Tier 4: Toggle OFF + Organic (Noise),Gully Labs,"Pan-India / Delhi NCR (HQ: New Delhi, D2C)",@cmf.tech,243000,193984,5549,86,2.86%,2.32%,2025-09-13,https://www.instagram.com/p/DOi6oFUEwri/,⚪ Standard Organic: Baseline organic collab reach,We along with @gullylabs wanted the community to design our 1st ever collab shoe inspired by the CMF Phone 2 Pro.  Huge thanks to everyone who brought their ideas to life. 🤍  The entries are now closed. Keep following this space for winner announceme
63,Tier 4: Toggle OFF + Organic (Noise),Comet,"Pan-India / Karnataka (HQ: Bengaluru, D2C)",@thecometnucleus,8495,184317,2270,34,1.23%,27.12%,2026-05-24,https://www.instagram.com/p/DYuLB-EyrOk/,⚪ Standard Organic: Baseline organic collab reach,"Half a million people walk, ride and live life in Comets.  Here’s why we sleep easy about that.  Comet Design Lab presents  Fully Functional EP 1"
64,Tier 4: Toggle OFF + Organic (Noise),Gully Labs,"Pan-India / Delhi NCR (HQ: New Delhi, D2C)",@nirvainnn,82093,173424,7866,67,4.54%,9.66%,2025-09-16,https://www.instagram.com/p/DOp9p9qEhBb/,⚪ Standard Organic: Baseline organic collab reach,for @gullylabs by nirvain.  *my father took the “jutti” from me 😭
65,Tier 4: Toggle OFF + Organic (Noise),Comet,"Pan-India / Karnataka (HQ: Bengaluru, D2C)",@odd.noteven,26563,165941,1530,83,0.92%,6.07%,2026-02-05,https://www.instagram.com/p/DUXRxWXCPDm/,⚪ Standard Organic: Baseline organic collab reach,COMET x ODDNOTEVEN. 06.02.2026.   Unapologetic is the new anthem.  Limited Drop. 600 Pairs Only. No Restocks.  Caution: Don’t try this at home.   A huge shoutout to @nupurpoleart and @shetty.777
66,Tier 4: Toggle OFF + Organic (Noise),Comet,"Pan-India / Karnataka (HQ: Bengaluru, D2C)",@casabacardiin,42000,154845,8370,45,5.41%,20.04%,2026-07-29,https://www.instagram.com/p/DbXUeGrAcXl/,⚪ Standard Organic: Baseline organic collab reach,COMET TURNED 3 ☄️ Thank you for celebrating 3 years of Comet with us🤩 Grateful for all the love! Big shoutout to @casabacardiin and @antisocialoffline for making the night special. 🫶🏽
67,Tier 4: Toggle OFF + Organic (Noise),Gully Labs,"Pan-India / Delhi NCR (HQ: New Delhi, D2C)",@officialraga,489912,154824,5800,58,3.75%,1.20%,2025-10-22,https://www.instagram.com/p/DQHPNiADCEL/,⚪ Standard Organic: Baseline organic collab reach,A collision. Raga x Gully Labs // Dropping soon
68,Tier 4: Toggle OFF + Organic (Noise),Comet,"Pan-India / Karnataka (HQ: Bengaluru, D2C)",@jhillmildhoot,18950,153209,1457,48,0.95%,7.94%,2025-09-13,https://www.instagram.com/p/DOiErLPgV92/,⚪ Standard Organic: Baseline organic collab reach,Don’t blink. Serving Twister👀  #Comet
69,Tier 4: Toggle OFF + Organic (Noise),Gully Labs,"Pan-India / Delhi NCR (HQ: New Delhi, D2C)",@cmf.tech,243000,149776,8096,198,5.41%,3.41%,2026-02-04,https://www.instagram.com/p/DUVhKydEUi9/,⚪ Standard Organic: Baseline organic collab reach,"Xoloni Orange - Modular Edition | CMF by Nothing x Gully Labs  Born from the collaboration between CMF’s bold, modular design language and Gully Labs’ story-led craft, Xoloni Orange Modular Edition proves that when the right tools meet the right tale"
70,Tier 4: Toggle OFF + Organic (Noise),Comet,"Pan-India / Karnataka (HQ: Bengaluru, D2C)",@utkgpt,3051,149461,8079,120,5.41%,268.73%,2026-07-16,https://www.instagram.com/p/Da2qvhLgSjr/,⚪ Standard Organic: Baseline organic collab reach,"3 YEARS.☄️ You backed us from day one. Thank you, Cometeers. Loudest, most fun three years of our lives. Never Shy, Never Sorry. Since 2023, till infinity.  Showing our first ever shoes from the back of our car to the public.  Our first ever store, r"
71,Tier 4: Toggle OFF + Organic (Noise),Gully Labs,"Pan-India / Delhi NCR (HQ: New Delhi, D2C)",@nirvainnn,82093,146906,4674,40,3.18%,5.74%,2025-10-29,https://www.instagram.com/p/DQYsoR8kjcs/,⚪ Standard Organic: Baseline organic collab reach,My most recent every day sneaker by @gullylabs   #sneaker #sneakers #footwear #streetweardaily #streetwear #streetwearindia
72,Tier 4: Toggle OFF + Organic (Noise),Gully Labs,"Pan-India / Delhi NCR (HQ: New Delhi, D2C)",@winonakicks,231074,146847,4331,61,2.95%,1.90%,2025-11-20,https://www.instagram.com/p/DRSSOPdkX29/,⚪ Standard Organic: Baseline organic collab reach,Have you heard of these?🧶
73,Tier 4: Toggle OFF + Organic (Noise),Gully Labs,"Pan-India / Delhi NCR (HQ: New Delhi, D2C)",@cmf.tech,243000,146052,1132,20,0.78%,0.47%,2026-05-25,https://www.instagram.com/p/DYw62CqhLju/,⚪ Standard Organic: Baseline organic collab reach,"The final drop.  Get your hands on the limited edition CMF x @gullylabs - Xoloni Orange pairs exclusively at the Nothing Bengaluru store on 30 May, 7 PM.   To celebrate our community, every single pair comes with an authentic, signed RCB jersey.  📍 N"
74,Tier 4: Toggle OFF + Organic (Noise),Gully Labs,"Pan-India / Delhi NCR (HQ: New Delhi, D2C)",@ghar.1964,22188,139120,7520,86,5.41%,34.28%,2025-11-27,https://www.instagram.com/p/DRjYBhCEcrW/,⚪ Standard Organic: Baseline organic collab reach,"Aangan Blue is @jatinmaggo ‘s story of home , the warmth of @ghar.1964 , the quiet of Shoja’s skies, the textures that hold memories, wooden floors, woollen rugs, and Machhli curled up in a corner. Home was never perfect. Just honest and lived-in. An"
75,Tier 4: Toggle OFF + Organic (Noise),Comet,"Pan-India / Karnataka (HQ: Bengaluru, D2C)",@capsulindia,61000,139113,2276,37,1.64%,3.79%,2026-01-22,https://www.instagram.com/p/DT0Cqzhgb5Q/,⚪ Standard Organic: Baseline organic collab reach,A peek into our Comet Apex pre-launch party. The energy was unreal. Big love to @capsulindia for hosting us.🫶🏾
76,Tier 4: Toggle OFF + Organic (Noise),Gully Labs,"Pan-India / Delhi NCR (HQ: New Delhi, D2C)",@kanchhiiii,477000,138911,3000,17,2.16%,0.63%,2026-08-01,https://www.instagram.com/p/Dbf5fPDTZKI/,⚪ Standard Organic: Baseline organic collab reach,"Sapno ka toh kya hi hai professionally nahi hua toh kya jersey pehnke poora karlo :)  Special thanks to Manoji ji  Explore, Gully Labs, Jersey, Sports, Indian Sports Community"
77,Tier 4: Toggle OFF + Organic (Noise),Gully Labs,"Pan-India / Delhi NCR (HQ: New Delhi, D2C)",@ghar.1964,22188,136980,5574,117,4.07%,25.65%,2025-11-27,https://www.instagram.com/p/DRj2vHrEVC4/,⚪ Standard Organic: Baseline organic collab reach,"Himachal isn’t a backdrop.  It’s intention. It’s people who build community with their hands, and carry their stories with respect. Aangan Blue is a reminder that a house isn’t complete without the small things."
78,Tier 4: Toggle OFF + Organic (Noise),Comet,"Pan-India / Karnataka (HQ: Bengaluru, D2C)",@indiansneakerfestival,43000,135436,1702,31,1.26%,4.03%,2025-11-12,https://www.instagram.com/p/DQ9OCKsEiTl/,⚪ Standard Organic: Baseline organic collab reach,"Comet On Tour. BOMBAY we’re coming!  @indiansneakerfestival. 6th-7th December.  📍MMRDA Grounds, BKC, MUMBAI"
79,Tier 4: Toggle OFF + Organic (Noise),Gully Labs,"Pan-India / Delhi NCR (HQ: New Delhi, D2C)",@niviasports,90000,134679,2782,88,2.07%,3.19%,2026-01-04,https://www.instagram.com/p/DTFYczhEfNk/,⚪ Standard Organic: Baseline organic collab reach,"Where football wasn’t taught, it was picked up. Where lines were chalked by memory, not paint. Where the game belonged to everyone.  Maidaan is a return to that ground.  Same soil. Same spirit. New chapter."
80,Tier 4: Toggle OFF + Organic (Noise),Gully Labs,"Pan-India / Delhi NCR (HQ: New Delhi, D2C)",@niviasports,90000,129387,3565,105,2.76%,4.08%,2025-12-14,https://www.instagram.com/p/DSPgH80EXQ-/,⚪ Standard Organic: Baseline organic collab reach,"Same soil. Same spirit.  @niviasports journey from Indian grounds to international arenas mirrors what we stand for at Gully Labs. Dhruv Kharabanda on history, hustle, home and what football means to India."
81,Tier 4: Toggle OFF + Organic (Noise),Skechers India,Pan-India / Maharashtra (HQ: Mumbai),@parisa.barkzi,151512,126674,544,58,0.43%,0.40%,2026-03-05,https://www.instagram.com/p/DVfo5hlDytb/,⚪ Standard Organic: Baseline organic collab reach,Step in. Turn up #SkechersIndia #FindYourFlow #hotshots
82,Tier 4: Toggle OFF + Organic (Noise),Gully Labs,"Pan-India / Delhi NCR (HQ: New Delhi, D2C)",@niviasports,90000,125707,6795,51,5.41%,7.61%,2025-12-20,https://www.instagram.com/p/DSe_B-bEbLU/,⚪ Standard Organic: Baseline organic collab reach,Dust underfoot. Breath held. Heartbeat loud. Gully se Maidaan. Football found us here.  Live at GullyLabs.com Exclusive preview prices today
83,Tier 4: Toggle OFF + Organic (Noise),Gully Labs,"Pan-India / Delhi NCR (HQ: New Delhi, D2C)",@rahasyafragrances,25000,118400,6400,60,5.41%,25.84%,2026-02-09,https://www.instagram.com/p/DUiNfNIEdXB/,⚪ Standard Organic: Baseline organic collab reach,"This was never meant to be just a shoe.  GL003 Shaahi is built on a silhouette made for movement. A form that celebrates ambition, because royalty today isn’t inherited, it is claimed.  And when a shoe carries this much meaning, one sense isn’t enoug"
84,Tier 4: Toggle OFF + Organic (Noise),Gully Labs,"Pan-India / Delhi NCR (HQ: New Delhi, D2C)",@niviasports,90000,116270,2104,41,1.81%,2.38%,2026-01-13,https://www.instagram.com/p/DTc5QtokdqW/,⚪ Standard Organic: Baseline organic collab reach,The right moves.  The right players.   The Maidaan - Gully Labs X Nivia
85,Tier 4: Toggle OFF + Organic (Noise),Gully Labs,"Pan-India / Delhi NCR (HQ: New Delhi, D2C)",@cmf.tech,243000,113368,6128,55,5.41%,2.54%,2026-05-22,https://www.instagram.com/p/DYo1nIYEYdd/,⚪ Standard Organic: Baseline organic collab reach,A community-designed shoe on the global stage. That was always the point.  CMF by Nothing x Gully Labs - Xoloni Orange. 200 pairs. One final restock.
86,Tier 4: Toggle OFF + Organic (Noise),Gully Labs,"Pan-India / Delhi NCR (HQ: New Delhi, D2C)",@eeeeshika,140884,109090,2641,15,2.42%,1.89%,2026-06-08,https://www.instagram.com/p/DZU2hHdtCGy/,⚪ Standard Organic: Baseline organic collab reach,"as if summer 2026 wasn’t hot enough @gullylabs dropped these 😻🩴 . ( summer outfit, styling, fashion, black chappals, gully labs, black slippers, outfit ideas, fashion reels )"
87,Tier 4: Toggle OFF + Organic (Noise),Gully Labs,"Pan-India / Delhi NCR (HQ: New Delhi, D2C)",@niviasports,90000,106174,2066,54,1.95%,2.36%,2025-12-20,https://www.instagram.com/p/DSetGlFkdzK/,⚪ Standard Organic: Baseline organic collab reach,Where we ran till sunset and didn’t stop dreaming. Pulse. Pace. Play. Raised in the gully. Ready for the Maidaan.  Going LIVE at 6PM !!
88,Tier 4: Toggle OFF + Organic (Noise),Gully Labs,"Pan-India / Delhi NCR (HQ: New Delhi, D2C)",@niviasports,90000,103469,1935,45,1.87%,2.20%,2026-01-15,https://www.instagram.com/p/DTh-8jcEQ-F/,⚪ Standard Organic: Baseline organic collab reach,"Two visions. One maidaan. We invited @ustat.kharbanda founder of @dujaindia to see Maidaan through her creativity.  A styling story rooted in reuse, individuality, and the streets we come from."
89,Tier 4: Toggle OFF + Organic (Noise),Gully Labs,"Pan-India / Delhi NCR (HQ: New Delhi, D2C)",@leada.in,14000,100714,5444,64,5.41%,39.34%,2026-08-06,https://www.instagram.com/p/DbsgQnaxA87/,⚪ Standard Organic: Baseline organic collab reach,We don’t play nice and we don’t drop for everyone. Lock jaws. Send this post on DM to claim first access. ⚡️.  Collab with @leada.in
90,Tier 4: Toggle OFF + Organic (Noise),Gully Labs,"Pan-India / Delhi NCR (HQ: New Delhi, D2C)",@cmf.tech,243000,96347,1926,39,2.00%,0.81%,2026-05-21,https://www.instagram.com/p/DYme5GeRYN9/,⚪ Standard Organic: Baseline organic collab reach,"200 pairs. Sold out in 3 days. Now they are coming back.  What happens when you stop gatekeeping creativity? A design student gets access to a real factory, real artisans, and a community that believes in the vision.  200 more pairs. Made by @itsdhre"
91,Tier 4: Toggle OFF + Organic (Noise),Gully Labs,"Pan-India / Delhi NCR (HQ: New Delhi, D2C)",@saffaaah,11927,93592,3,20,0.00%,0.19%,2025-11-10,https://www.instagram.com/p/DQ4lx3GjHq8/,⚪ Standard Organic: Baseline organic collab reach,big up @gullylabs @gullylabs.global for the sweet event & sweeter garms👟🫶🏽✨   @amra.ldn @coffeeculture_uk
92,Tier 4: Toggle OFF + Organic (Noise),Gully Labs,"Pan-India / Delhi NCR (HQ: New Delhi, D2C)",@nick.shayden,40713,93526,2462,12,2.63%,6.08%,2026-01-16,https://www.instagram.com/p/DTk52nHkpEc/,⚪ Standard Organic: Baseline organic collab reach,"a football sneaker that you can wear anywhere! . [football,nivia,sports,india,newdelhi,couple,funny,love,gift,valentines,gullylabs,gully,relationships,dating,fashion] . #football #fashion #dating #fyp #viral"
93,Tier 4: Toggle OFF + Organic (Noise),Gully Labs,"Pan-India / Delhi NCR (HQ: New Delhi, D2C)",@niviasports,90000,92603,893,30,0.96%,1.03%,2025-12-23,https://www.instagram.com/p/DSmVO9JjHzO/,⚪ Standard Organic: Baseline organic collab reach,"Unfiltered takes from the launch👟  From favourite colourways to first impressions of the NIVIA × Gully Labs drop, here’s what the crowd had to say. #Maidaan  [Launch event, events, football, football match, new drop, new sneakers, indian shoes, shoe "
94,Tier 4: Toggle OFF + Organic (Noise),Gully Labs,"Pan-India / Delhi NCR (HQ: New Delhi, D2C)",@niviasports,90000,88725,1181,17,1.33%,1.33%,2026-01-05,https://www.instagram.com/p/DTHvsDREWLX/,⚪ Standard Organic: Baseline organic collab reach,"Six teams. One Maidaan. Football on the pitch, culture all around it. From match play to brand zones, challenges, and community energy, we ended the year with our All Star Football tournament on 20th December at @claygrounds.official   This is how In"
95,Tier 4: Toggle OFF + Organic (Noise),Gully Labs,"Pan-India / Delhi NCR (HQ: New Delhi, D2C)",@adityab27,40490,87387,1453,54,1.66%,3.72%,2026-07-13,https://www.instagram.com/p/Dau8XZ1zC7f/,⚪ Standard Organic: Baseline organic collab reach,Bhai in logo ne football world cup ka bhi shoe bana diya hai 😏⚽️⚽️ Manoj bhai really knows game tho!   The Indian football fans deserved something they could call theirs and this is it.   Gully Labs Baaz Elastico main baat toh hai 🏆  #worldcup #footb
96,Tier 4: Toggle OFF + Organic (Noise),Gully Labs,"Pan-India / Delhi NCR (HQ: New Delhi, D2C)",@lambo.drive,10604,87226,1815,90,2.08%,17.96%,2026-05-14,https://www.instagram.com/p/DYUVCRxR2Sm/,⚪ Standard Organic: Baseline organic collab reach,"We made a shoe. Then we made a song. Then we made a film.  All three for the same reason.  Gully Labs × Royal Enfield Hunter 350  A love story about a young couple working, living, & figuring it out.   Starring Vasu Raina and Komal Munshi, with an or"
97,Tier 4: Toggle OFF + Organic (Noise),Gully Labs,"Pan-India / Delhi NCR (HQ: New Delhi, D2C)",@gurshaabedi,3788,86432,2074,108,2.40%,57.60%,2025-12-13,https://www.instagram.com/p/DSMZTo0kRmp/,⚪ Standard Organic: Baseline organic collab reach,"“Delhi never gives you one kind of plan.” Some days are Burrah Project nights, some are AR Rahman concerts, others are just office hours and December dinners. Gursha dresses for movement. Gully Labs fits into all of it. Ep. 1 . . . . .  [Styling, Con"
98,Tier 4: Toggle OFF + Organic (Noise),Gully Labs,"Pan-India / Delhi NCR (HQ: New Delhi, D2C)",@kevalnova,19340,85861,2284,50,2.66%,12.07%,2026-05-29,https://www.instagram.com/p/DY7EgWFN-83/,⚪ Standard Organic: Baseline organic collab reach,🕴️Here for the drameBAAZ in meee !! • Keval x GULLY LABS  Go grab your BAAZ from @gullylabs now 🤷🏻‍♂️ • Actor : @kevalnova 🕴️ Direction : @kevalnova 🎬 Cinematography : @yashsharma96_ ‼️ Sound mix : @djshuvix  Edited by : Sanskar Singh🪄 • My boys who 
99,Tier 4: Toggle OFF + Organic (Noise),Gully Labs,"Pan-India / Delhi NCR (HQ: New Delhi, D2C)",@niviasports,90000,83157,4495,58,5.41%,5.06%,2025-12-21,https://www.instagram.com/p/DShviO1EY_1/,⚪ Standard Organic: Baseline organic collab reach,"From floodlit turf to narrow gullies, through rain, dust, and broken goalposts; football was never just a game.  It was how we escaped. A way out, so we could come back stronger.   MAIDAAN | Available to shop at gullylabs.com and in-stores."
100,Tier 4: Toggle OFF + Organic (Noise),Skechers India,Pan-India / Maharashtra (HQ: Mumbai),@capt_dvs,173074,83074,1411,60,1.70%,0.85%,2025-10-16,https://www.instagram.com/p/DP3sX4lE3Oc/,⚪ Standard Organic: Baseline organic collab reach,"It’s more than just a run !!  It’s the energy, the people & the stories that keep us moving. From pre-race jitters to finish-line smiles, the “Skechers Running Squad” crew runs with heart, passion and purpose.  #SkechersPerformance #SkechersRunningSq"
101,Tier 4: Toggle OFF + Organic (Noise),Gully Labs,"Pan-India / Delhi NCR (HQ: New Delhi, D2C)",@vagavoom,30734,80530,1423,36,1.77%,4.75%,2026-04-06,https://www.instagram.com/p/DWyz6QAkQc_/,⚪ Standard Organic: Baseline organic collab reach,"Your day rarely stays what you planned.  Fits change. Places change. Energy definitely changes.  The Baaz Nazariya moves through it all,  wider, lighter, and perfect for every fit  With @vagavoom   Ep. 2"
102,Tier 4: Toggle OFF + Organic (Noise),Gully Labs,"Pan-India / Delhi NCR (HQ: New Delhi, D2C)",@niviasports,90000,79760,1801,60,2.26%,2.07%,2025-12-17,https://www.instagram.com/p/DSXbbDKkQCX/,⚪ Standard Organic: Baseline organic collab reach,"Made for the ground that raised us, shaped us, and stayed with us.   NIVIA × Gully Labs, launching soon."
103,Tier 4: Toggle OFF + Organic (Noise),Gully Labs,"Pan-India / Delhi NCR (HQ: New Delhi, D2C)",@cmf.tech,243000,72668,3928,52,5.41%,1.64%,2025-11-03,https://www.instagram.com/p/DQmAEeJDHVF/,⚪ Standard Organic: Baseline organic collab reach,"By liking this post, you agree to the T&C ✅ Designed by @itsdhreeeetimaan for #DesignCMFKicks ✨   Dropping soon by Gully Labs & CMF by Nothing 👟"
104,Tier 4: Toggle OFF + Organic (Noise),Gully Labs,"Pan-India / Delhi NCR (HQ: New Delhi, D2C)",@niviasports,90000,71336,3856,33,5.41%,4.32%,2026-01-02,https://www.instagram.com/p/DS_7yPwEdq6/,⚪ Standard Organic: Baseline organic collab reach,"Shaped by the streets, refined for turf. The Maidaan Collection, Gully Labs x Nivia"
105,Tier 4: Toggle OFF + Organic (Noise),Gully Labs,"Pan-India / Delhi NCR (HQ: New Delhi, D2C)",@amazonfashionin,2000000,63458,421,11,0.66%,0.02%,2025-08-29,https://www.instagram.com/p/DN7yBVtkWBD/,⚪ Standard Organic: Baseline organic collab reach,From the gullies to your doorstep — Gully Labs is now on Amazon. Made in India. Made for everywhere.
106,Tier 4: Toggle OFF + Organic (Noise),Skechers India,Pan-India / Maharashtra (HQ: Mumbai),@hamidbarkzi07,388435,63195,768,17,1.22%,0.20%,2026-06-06,https://www.instagram.com/p/DZPt_3SCKg9/,⚪ Standard Organic: Baseline organic collab reach,"From the first step out the door to wherever the day takes you. Skechers Hands Free Slip-ins®️ — convenience you can feel, comfort you can count on.  Hands free so no bending no touching #SkechersIndia #SkechersSlipins"
107,Tier 4: Toggle OFF + Organic (Noise),Gully Labs,"Pan-India / Delhi NCR (HQ: New Delhi, D2C)",@bombaysweetshop,108000,58895,694,27,1.18%,0.67%,2025-10-15,https://www.instagram.com/p/DP0j6nPka3G/,⚪ Standard Organic: Baseline organic collab reach,"Your Diwali fit just got an upgrade — shoes on your feet, sweets in your hand. Gully Labs × Bombay Sweet Shop — a gift box for those who like their mithai with some drip."
108,Tier 4: Toggle OFF + Organic (Noise),Gully Labs,"Pan-India / Delhi NCR (HQ: New Delhi, D2C)",@gullylabs.global,17077,58688,889,32,1.51%,5.39%,2026-04-06,https://www.instagram.com/p/DWzKBcUiQ0h/,⚪ Standard Organic: Baseline organic collab reach,"India has always had the craft. the stories, and the culture worth wearing.  It just needed a brand willing to carry it to the world - without apologising for where it came from.  Every gully labs pair is handcrafted by artisans who’ve spent their li"
109,Tier 4: Toggle OFF + Organic (Noise),Gully Labs,"Pan-India / Delhi NCR (HQ: New Delhi, D2C)",@districtupdates,783000,57729,645,10,1.12%,0.08%,2026-06-17,https://www.instagram.com/p/DZsGc3VTZRe/,⚪ Standard Organic: Baseline organic collab reach,"Delhi really pulled up 🔥  For archive pairs, cold drinks, good music and the thrill of finding the pair at the Sample Party!"
110,Tier 4: Toggle OFF + Organic (Noise),Gully Labs,"Pan-India / Delhi NCR (HQ: New Delhi, D2C)",@harteerathsingh,335930,54455,1533,30,2.82%,0.47%,2026-08-15,https://www.instagram.com/p/DcDQmrvRz4B/,⚪ Standard Organic: Baseline organic collab reach,"Sewa heals the world, but no one expects the hands behind it to show up in baggy jeans and orange sneakers.  But thats exactly who @harteerathsingh is, someone who never compromises on his personal style, who he is, or what he loves."
111,Tier 4: Toggle OFF + Organic (Noise),Gully Labs,"Pan-India / Delhi NCR (HQ: New Delhi, D2C)",@districtupdates,783000,54123,378,6,0.70%,0.05%,2026-06-10,https://www.instagram.com/p/DZaNa4UTkla/,⚪ Standard Organic: Baseline organic collab reach,Your next favourite pair might be hiding in the archives 🔥  Shop the Gully Labs Sample Party with up to 65% off + an extra 5% off when you book your slot and pay via District.  Some pairs won’t be back. Neither will these prices.
112,Tier 4: Toggle OFF + Organic (Noise),Gully Labs,"Pan-India / Delhi NCR (HQ: New Delhi, D2C)",@dominasianmagazine,10868,53374,567,11,1.06%,5.32%,2025-11-10,https://www.instagram.com/p/DQ4Tv5lDJYO/,⚪ Standard Organic: Baseline organic collab reach,"When community crosses borders, it becomes culture. London was proof.  Gully 17 - made exclusively for those who’ve stayed with us.   Available via invite only or in-store.   🎥 @jaygermedia"
113,Tier 4: Toggle OFF + Organic (Noise),Gully Labs,"Pan-India / Delhi NCR (HQ: New Delhi, D2C)",@gullylabs.global,17077,51762,383,8,0.74%,2.29%,2026-05-23,https://www.instagram.com/p/DYsWJ3pxP4m/,⚪ Standard Organic: Baseline organic collab reach,"“Creativity comes when you put yourself in situations that demand an answer”  That’s what this New York trip was.   A panel in Brooklyn with @colm from @kidsuper, and deep conversations about craft, sneakers with the community.   We started Gully Lab"
114,Tier 4: Toggle OFF + Organic (Noise),Gully Labs,"Pan-India / Delhi NCR (HQ: New Delhi, D2C)",@akshay_freestyle,17820,51225,753,15,1.47%,4.31%,2026-03-17,https://www.instagram.com/p/DV-l6vGkdZ3/,⚪ Standard Organic: Baseline organic collab reach,"Mumbai showed up heavy!  Pulled through with the community, movement, and pure energy alongside @akshay_freestyle   The Maidaan collection was built for moments like this - where fashion meets all-day comfort, and performance blends into real street "
115,Tier 4: Toggle OFF + Organic (Noise),Gully Labs,"Pan-India / Delhi NCR (HQ: New Delhi, D2C)",@amra.ldn,3966,50509,489,11,0.97%,12.61%,2025-10-30,https://www.instagram.com/p/DQb7JZqEx0J/,⚪ Standard Organic: Baseline organic collab reach,"The Louvre heist got nothing on us - We’re hijacking the Art Gallery.   DRESS CODE - Blue + Ivory + Bling 📍216, Camden High St, London, NW1 8QR 📅 1st Nov 2025 | 🕗 8PM onwards  DM @gullylabs.global or @amra.ldn to RSVP"
116,Tier 4: Toggle OFF + Organic (Noise),Gully Labs,"Pan-India / Delhi NCR (HQ: New Delhi, D2C)",@gullylabs.global,17077,49931,2699,14,5.41%,15.89%,2026-04-08,https://www.instagram.com/p/DW4WlifGJNQ/,⚪ Standard Organic: Baseline organic collab reach,"We’re not visiting, we are arriving   Gully Labs now in the US.  Shop at global.gullylabs.com  Credits: Photographer @jayakang  Stylist @__byrumsha  Videographer @jabungomaa  Models @niamackenziee @stickybizness111  Assisted by @nate.sturley  Produce"
117,Tier 4: Toggle OFF + Organic (Noise),Gully Labs,"Pan-India / Delhi NCR (HQ: New Delhi, D2C)",@talesofcityofficial,44037,49691,2686,163,5.41%,6.47%,2025-09-28,https://www.instagram.com/p/DPJtUzSkiUZ/,⚪ Standard Organic: Baseline organic collab reach,"Comment ""Details"" to get the booking info  Join Shoroter Shaaj: Dilli’s Durga Pujo Baithak for an evening of stories, art, and music that celebrate the goddess, her symbols, and her journey from Bengal’s courtyards to Delhi’s heart.  We are excited t"
118,Tier 4: Toggle OFF + Organic (Noise),Gully Labs,"Pan-India / Delhi NCR (HQ: New Delhi, D2C)",@gullylabs.global,17077,44955,2430,25,5.41%,14.38%,2026-04-07,https://www.instagram.com/p/DW1v7qcDFnP/,⚪ Standard Organic: Baseline organic collab reach,"From the gullies of Delhi to the Arts District bridge of Los Angeles.  Gully Labs, now in the US.  Shop at global.gullylabs.com  Credits: Photographer @jayakang  Stylist @__byrumsha  Videographer @jabungomaa  Models @niamackenziee @stickybizness111  "
119,Tier 4: Toggle OFF + Organic (Noise),Gully Labs,"Pan-India / Delhi NCR (HQ: New Delhi, D2C)",@agamjotsingh_10,156634,44141,2386,35,5.41%,1.55%,2026-02-04,https://www.instagram.com/p/DUVGZOWEYBX/,⚪ Standard Organic: Baseline organic collab reach,"The CMF by Nothing × Gully Labs sneaker is here. And we’re launching it the only way we know how.  🍻Unlimited @roarwithsimba on the house. 🎧 Alive DJ–drummer set by @almondhouseparty & @agamjotsingh_10  🎫Exclusive offers, giveaways, and a room full o"
120,Tier 4: Toggle OFF + Organic (Noise),Gully Labs,"Pan-India / Delhi NCR (HQ: New Delhi, D2C)",@niviasports,90000,42531,2299,35,5.41%,2.59%,2026-01-03,https://www.instagram.com/p/DTClZNfEZjR/,⚪ Standard Organic: Baseline organic collab reach,"Inspired by Mohun Bagan Super Giant (est. 1889), these sneakers are from the club’s history, playstyle, and iconic identity.  A futsal-inspired lifestyle sneaker with a gum sole for grip, asymmetrical lacing for cleaner strikes, and all-day cushionin"
121,Tier 4: Toggle OFF + Organic (Noise),Gully Labs,"Pan-India / Delhi NCR (HQ: New Delhi, D2C)",@experiencebroadway_,95018,39844,598,15,1.50%,0.65%,2026-02-05,https://www.instagram.com/p/DUYh207AY-k/,⚪ Standard Organic: Baseline organic collab reach,"Exclusive Drop Alert⚡️  GL 003 lands at Broadway! A modern take on the jutti, wrapped in colours inspired by Indian royalty and designed for today’s streets.  Old craft, new energy💥 Limited pairs. You better show up!  📍 Broadway, Delhi  . . . . . . ."
122,Tier 4: Toggle OFF + Organic (Noise),Gully Labs,"Pan-India / Delhi NCR (HQ: New Delhi, D2C)",@itskapowtime,15262,39738,2148,16,5.41%,14.18%,2025-10-28,https://www.instagram.com/p/DQWVXHLDB-C/,⚪ Standard Organic: Baseline organic collab reach,"This Halloween, Baithak by Gully Labs transforms into your favourite neighbourhood bar. Think dim lights, chilled beer, and after hours banter with friends. No ghosts. The only horror here is your unread work emails and that mounting work stress 👻  G"
123,Tier 4: Toggle OFF + Organic (Noise),Gully Labs,"Pan-India / Delhi NCR (HQ: New Delhi, D2C)",@subkocoffee,119642,39386,2129,13,5.41%,1.79%,2025-10-27,https://www.instagram.com/p/DQUE2aECDfa/,⚪ Standard Organic: Baseline organic collab reach,"A SUBKO (MINI) IN YOUR GULLY (Sultanate of Specialty Vol. 2)  Our latest chapter in New Delhi unfolds at the Gully Labs flagship in Panchsheel Park. A three-story space conceived not just as a retail destination, but as a baithak where craft, culture"
124,Tier 4: Toggle OFF + Organic (Noise),Gully Labs,"Pan-India / Delhi NCR (HQ: New Delhi, D2C)",@evaxfried,43000,38197,805,42,2.11%,1.97%,2026-06-09,https://www.instagram.com/p/DZXa_sXpVkp/,⚪ Standard Organic: Baseline organic collab reach,The chappal my mom was chasing me with 🤝🏻 The chappal i’m chasing  Comment chappal to secure yours🩴
125,Tier 4: Toggle OFF + Organic (Noise),Gully Labs,"Pan-India / Delhi NCR (HQ: New Delhi, D2C)",@cmf.tech,243000,34872,1885,16,5.41%,0.78%,2026-05-23,https://www.instagram.com/p/DYrdpD5EQ5N/,⚪ Standard Organic: Baseline organic collab reach,"CMF by Nothing x Gully Labs - Xoloni Orange.  Designed by Dhreetimann, chosen by the community.  Built to move through long days, not sit on shelves.  Last run with 200 pairs."
126,Tier 4: Toggle OFF + Organic (Noise),Gully Labs,"Pan-India / Delhi NCR (HQ: New Delhi, D2C)",@gullylabs.global,17077,34095,1843,22,5.41%,10.92%,2026-04-09,https://www.instagram.com/p/DW66XsiCcPU/,⚪ Standard Organic: Baseline organic collab reach,"Delhi to Los Angeles - representing the Indian dream.   We’re also hosting our first ever pop-up party in US (Los Angeles) with @spiceglobal_ on April 11.   Come through, this one is not to be missed (link in bio)  Credits: Photographer @jayakang  St"
127,Tier 4: Toggle OFF + Organic (Noise),Gully Labs,"Pan-India / Delhi NCR (HQ: New Delhi, D2C)",@snkrhood.in,6325,33034,675,5,2.04%,10.75%,2026-01-13,https://www.instagram.com/p/DTdEgDyk735/,⚪ Standard Organic: Baseline organic collab reach,"The streets just got louder  @gullylabs at SNKRHOOD.  📍 JLN Stadium, Delhi | 🗓 31st Jan & 1st Feb, 2026  Grab your tickets now. Link in bio  Culture over everything. See you in the hood."
128,Tier 4: Toggle OFF + Organic (Noise),Skechers India,Pan-India / Maharashtra (HQ: Mumbai),@i.sahaj,183147,31297,639,35,2.04%,0.37%,2026-03-16,https://www.instagram.com/p/DV8rb53CDql/,⚪ Standard Organic: Baseline organic collab reach,Beat shuru hui aur main bas flow mein aa gaya 🕺  #SkechersHotshots FindYourFlow.  @skechersindia  .  #SkechersIndia
129,Tier 4: Toggle OFF + Organic (Noise),Gully Labs,"Pan-India / Delhi NCR (HQ: New Delhi, D2C)",@eternalramblings,20485,30031,421,42,1.40%,2.26%,2025-11-04,https://www.instagram.com/p/DQosDZQkdQe/,⚪ Standard Organic: Baseline organic collab reach,"Baithak turned into the bar next door 🍻 - stories, sneakers & spirits on full pour.  Pour Decisions Fridays: Ep 1 - The Indian Horror Story had it all - unwinding chaos & KAPOW!’s wild energy, with Simba keeping the taps flowing.  Same vibe, new stor"
130,Tier 4: Toggle OFF + Organic (Noise),Gully Labs,"Pan-India / Delhi NCR (HQ: New Delhi, D2C)",@ukato.music,5546,29415,1590,43,5.41%,29.44%,2025-12-18,https://www.instagram.com/p/DSZazNqkWcK/,⚪ Standard Organic: Baseline organic collab reach,"Come celebrate The Maidaan with us this Saturday, 20th December at @claygrounds.official The Base, Chhattarpur, Delhi.   It’s not just another match day, its a cultural showcase of your favourite creators and the sport we’ve always loved.  Exclusive "
131,Tier 4: Toggle OFF + Organic (Noise),Gully Labs,"Pan-India / Delhi NCR (HQ: New Delhi, D2C)",@subkocoffee,119642,29248,1581,16,5.41%,1.33%,2026-03-10,https://www.instagram.com/p/DVtG4miCJLZ/,⚪ Standard Organic: Baseline organic collab reach,"Dilli, The Sultanate Of Specialty Completes Its Trilogy.  Subko Craft Bakes have officially taken over of our (Mini) outposts at Sidecar and Gully Labs ( @sidecarindia and @gullylabs ). Consider the “Sultanate of Specialty” fully fortified with a ful"
132,Tier 4: Toggle OFF + Organic (Noise),Gully Labs,"Pan-India / Delhi NCR (HQ: New Delhi, D2C)",@medusaindia,39000,28927,439,8,1.52%,1.15%,2026-02-02,https://www.instagram.com/p/DUP4lapEQGL/,⚪ Standard Organic: Baseline organic collab reach,"Sharks on screen. Ideas in the room. Poured by Medusa. Snacked with 4700 BC. Gully Labs energy, always."
133,Tier 4: Toggle OFF + Organic (Noise),Gully Labs,"Pan-India / Delhi NCR (HQ: New Delhi, D2C)",@niviasports,90000,28083,1518,15,5.41%,1.70%,2026-03-16,https://www.instagram.com/p/DV8tT0SkcFY/,⚪ Standard Organic: Baseline organic collab reach,A lifestyle sneaker blending streetwear and performance.  Heritage quilted uppers inspired by classic Nivia footballs.  An asymmetric Nivia mark.  The Gully FC emblem.  Crafted for everyday comfort and effortless style.
134,Tier 4: Toggle OFF + Organic (Noise),Gully Labs,"Pan-India / Delhi NCR (HQ: New Delhi, D2C)",@parvaazmusic,30000,28027,1515,26,5.41%,5.14%,2025-11-21,https://www.instagram.com/p/DRUyDKhE6HA/,⚪ Standard Organic: Baseline organic collab reach,"Parvaaz joins the Karwaan at Baithak - an evening for the people whose stories are hidden between songs.  Unreleased album, unlimited @hoegaardenindia ,  Exclusive access to the band like never before.   🎟️ Tickets in bio. Come be part of the next ch"
135,Tier 4: Toggle OFF + Organic (Noise),Skechers India,Pan-India / Maharashtra (HQ: Mumbai),@skecherscricket,28000,25282,450,14,1.78%,1.66%,2026-04-21,https://www.instagram.com/p/DXYgf_mDSje/,⚪ Standard Organic: Baseline organic collab reach,"You’ll recognise those hands.  You’ll recognise that walk.  The rest? Coming soon.  Who is it, drop your guess below?  #StayTuned #SkechersCricket #SkechersPerformance"
136,Tier 4: Toggle OFF + Organic (Noise),Gully Labs,"Pan-India / Delhi NCR (HQ: New Delhi, D2C)",@thethirdspacedelhi,880,24771,1339,14,5.41%,153.75%,2025-12-08,https://www.instagram.com/p/DR_uZLxEZhS/,⚪ Standard Organic: Baseline organic collab reach,"Join us for Sangam 3.0, an intimate, 50-seater Baithak hosted by The Third Space in collaboration with Gully Labs.   Expect an evening of classical instrumental sets, ghazals, shayari, Y2K Bollywood jams, chilled beer, and conversations that feel lik"
137,Tier 4: Toggle OFF + Organic (Noise),Gully Labs,"Pan-India / Delhi NCR (HQ: New Delhi, D2C)",@rahasyafragrances,25000,18130,980,16,5.41%,3.98%,2026-02-17,https://www.instagram.com/p/DU212aHjMAA/,⚪ Standard Organic: Baseline organic collab reach,"Baraamda carries the warmth of royal courtyards.  Rose and magnolia in bloom. Mango ripening under sun. Woody and ambery depth that stays long after you’ve left.  It doesn’t overpower. It surrounds.  A fragrance built in layers, Wear the memory."
138,Tier 4: Toggle OFF + Organic (Noise),Gully Labs,"Pan-India / Delhi NCR (HQ: New Delhi, D2C)",@akshay_freestyle,17820,17919,430,67,2.40%,2.79%,2026-03-13,https://www.instagram.com/p/DV0r42kDNsS/,⚪ Standard Organic: Baseline organic collab reach,"Freestyle, football and pure energy 🔥  Hosted a freestyle session in Mumbai with the crew at Nivia x GL Maidaan and the vibe was crazy. Seeing the community show up and bring their style to the game is what it’s all about. Shoutout to @gullylabs and "
139,Tier 4: Toggle OFF + Organic (Noise),Gully Labs,"Pan-India / Delhi NCR (HQ: New Delhi, D2C)",@niviasports,90000,17112,925,16,5.41%,1.05%,2025-12-22,https://www.instagram.com/p/DSkM3QPkeHD/,⚪ Standard Organic: Baseline organic collab reach,"3 pairs. One muscle memory.  Swipe through to check out the Maidaan colorways built from India’s gullies to your everyday run. Quilted leather inspired by classic footballs, honey gum futsal sole, plush all-day comfort.  NIVIA × Gully Labs - Maidaan "
140,Tier 4: Toggle OFF + Organic (Noise),Gully Labs,"Pan-India / Delhi NCR (HQ: New Delhi, D2C)",@negiraman,47009,16872,912,25,5.41%,1.99%,2025-12-03,https://www.instagram.com/p/DRzf6e8ETNP/,⚪ Standard Organic: Baseline organic collab reach,"For the first time ever, Raman Negi steps into the Baithak. A songwriting workshop that strips the process bare, followed by a quiet-electric solo performance.  Unlimited Hoegaarden on the house.  Tickets are officially LIVE. Link in bio!"
141,Tier 4: Toggle OFF + Organic (Noise),Gully Labs,"Pan-India / Delhi NCR (HQ: New Delhi, D2C)",@kommunedelhincr,4805,16835,910,30,5.41%,19.56%,2025-11-08,https://www.instagram.com/p/DQy5ngHjHCq/,⚪ Standard Organic: Baseline organic collab reach,"Gully Labs x Kommune present “Jamghat”  A space. A stage. A gathering for voices that dare to speak - unafraid, unjudged, and unapologetically real.  It’s for words that are undeterred and untamed. A manch for poetry, storytelling, and music - where "
142,Tier 4: Toggle OFF + Organic (Noise),Gully Labs,"Pan-India / Delhi NCR (HQ: New Delhi, D2C)",@quatre.creators,417,16238,356,63,2.19%,100.48%,2026-05-06,https://www.instagram.com/p/DX_Q5xSROVB/,⚪ Standard Organic: Baseline organic collab reach,"You know us for the mountains. But every collective has a prologue.  Before we built Quatre, before the mountain retreats and the mud houses, one of our founders was living in London, quietly documenting the heavy, unapologetic fashion of the UK stre"
143,Tier 4: Toggle OFF + Organic (Noise),Gully Labs,"Pan-India / Delhi NCR (HQ: New Delhi, D2C)",@amra.ldn,3966,9786,529,21,5.41%,13.87%,2025-10-21,https://www.instagram.com/p/DQFVqxOEeFC/,⚪ Standard Organic: Baseline organic collab reach,Ever been to a sneaker pop-up rave inside a record store? 🎶👟 This one’s for the culture.  ‼️Venue upgrade - Camden Open Air Art Gallery‼️  DM @amra.ldn for guestlist!   Gully Labs x Amra x Coffee Culture are taking over Next Door Records || for a nig
144,Tier 4: Toggle OFF + Organic (Noise),Gully Labs,"Pan-India / Delhi NCR (HQ: New Delhi, D2C)",@delhiartweekend,4419,8442,103,0,1.22%,2.33%,2025-10-06,https://www.instagram.com/p/DPdaJchgHEj/,⚪ Standard Organic: Baseline organic collab reach,"Closed day 2 of the Delhi Art Weekend at @gullylabs with @teejsound, @makaanmusic and @kunalschhabra."
145,Tier 4: Toggle OFF + Organic (Noise),Gully Labs,"Pan-India / Delhi NCR (HQ: New Delhi, D2C)",@norbu.noises,1980,8288,448,8,5.41%,23.03%,2025-12-19,https://www.instagram.com/p/DScwGkbkX0i/,⚪ Standard Organic: Baseline organic collab reach,"Maidaan All Stars ⚽🔥 Where Indian football shows up the way it always has — raw, relentless, community-first.  A full-throttle showcase with a live football tournament, brand zones, and on-ground experiences — capped with music performances by Sufr, "
146,Tier 4: Toggle OFF + Organic (Noise),Gully Labs,"Pan-India / Delhi NCR (HQ: New Delhi, D2C)",@yuzenmatcha,928,8269,447,6,5.41%,48.81%,2025-12-19,https://www.instagram.com/p/DSc1eu3k7hL/,⚪ Standard Organic: Baseline organic collab reach,"The roaster is out now.  See you on The Maidaan, tomorrow.   3pm, 20th Dec, The Base, Chhattarpur. Ticket link in bio.   stall partners : @yuzenmatcha @cafedelhiheights s @umamiburg"
147,Tier 4: Toggle OFF + Organic (Noise),Gully Labs,"Pan-India / Delhi NCR (HQ: New Delhi, D2C)",@hemkunt_foundation,230727,7677,415,13,5.41%,0.19%,2026-08-14,https://www.instagram.com/p/DcA12J1EQ3J/,⚪ Standard Organic: Baseline organic collab reach,"What’s the Indian dream if it doesn’t belong to everyone?  This 14th–16th August, 15% of all online sales go directly to @hemkunt_foundation for ground-level disaster relief and education.  Every order counts."
