#,Creator Handle,Creator Tier / Size,Brands Collaborated With,Full Name,Verified,Business / Professional,Total Followers,Following,Total Posts,Avg Likes / Post,Avg Comments / Post,Avg Profile ER%,Instagram Profile URL
1,@kartikaaryan,🌟 Mega Creator / Celebrity (1M+),Skechers India,KARTIK AARYAN,Yes,Yes,50294891,1289,3388,138004,1359,0.28%,https://www.instagram.com/kartikaaryan/
2,@ananyapanday,🌟 Mega Creator / Celebrity (1M+),Skechers India,Ananya 🌙,Yes,Yes,26281819,1613,1737,67476,1274,0.26%,https://www.instagram.com/ananyapanday/
3,@surya_14kumar,🌟 Mega Creator / Celebrity (1M+),Skechers India,Surya Kumar Yadav (SKY),Yes,Yes,20366023,592,1291,702391,3299,3.47%,https://www.instagram.com/surya_14kumar/
4,@myntra,🌟 Mega Creator / Celebrity (1M+),"Comet, Gully Labs",myntra,Yes,No,8000000,0,0,4981,227,0.07%,https://www.instagram.com/myntra/
5,@royalenfield,🌟 Mega Creator / Celebrity (1M+),Gully Labs,Royal Enfield,Yes,Yes,3769746,26,5873,12225,19,0.32%,https://www.instagram.com/royalenfield/
6,@thevishnukaushal,🌟 Mega Creator / Celebrity (1M+),Comet,Vishnu Kaushal,Yes,Yes,2104862,1113,1568,227869,1093,10.88%,https://www.instagram.com/thevishnukaushal/
7,@alayaf,🌟 Mega Creator / Celebrity (1M+),Skechers India,ALAYA F,Yes,Yes,2073808,1165,1046,19593,320,0.96%,https://www.instagram.com/alayaf/
8,@amazonfashionin,🌟 Mega Creator / Celebrity (1M+),Gully Labs,amazonfashionin,Yes,No,2000000,0,0,421,11,0.02%,https://www.instagram.com/amazonfashionin/
9,@sharktank.india,🌟 Mega Creator / Celebrity (1M+),Gully Labs,Shark Tank India,Yes,Yes,1547638,25,3191,11794,62,0.77%,https://www.instagram.com/sharktank.india/
10,@bhaiyajiismile,🌟 Mega Creator / Celebrity (1M+),Skechers India,Sonal Devraj,Yes,Yes,1118123,2009,1192,5595,69,0.51%,https://www.instagram.com/bhaiyajiismile/
11,@aryankatoch17,🌟 Mega Creator / Celebrity (1M+),Gully Labs,Aryan Katoch,Yes,Yes,1103182,1852,360,75443,1158,6.94%,https://www.instagram.com/aryankatoch17/
12,@cartoon_snacks,🚀 Macro Creator (100K - 1M),Gully Labs,Cartoon Snacks,Yes,Yes,859392,271,26,125543,334,14.65%,https://www.instagram.com/cartoon_snacks/
13,@rashmeetkaur,🚀 Macro Creator (100K - 1M),Gully Labs,RASHMEET KAUR,Yes,Yes,836917,3,42,16968,90,2.04%,https://www.instagram.com/rashmeetkaur/
14,@districtupdates,🚀 Macro Creator (100K - 1M),Gully Labs,districtupdates,Yes,No,783000,0,0,511,8,0.07%,https://www.instagram.com/districtupdates/
15,@gullycricket_in,🚀 Macro Creator (100K - 1M),Gully Labs,Gully Crickett,Yes,Yes,630625,227,419,33824,157,5.39%,https://www.instagram.com/gullycricket_in/
16,@theclassyfoodophile,🚀 Macro Creator (100K - 1M),Gully Labs,Pavitra Kaur,Yes,Yes,560101,2326,3707,6727,116,1.22%,https://www.instagram.com/theclassyfoodophile/
17,@anyasinghofficial,🚀 Macro Creator (100K - 1M),Skechers India,Anyaa Singh,Yes,Yes,517516,1196,313,16700,79,3.24%,https://www.instagram.com/anyasinghofficial/
18,@officialraga,🚀 Macro Creator (100K - 1M),Gully Labs,RAGA,Yes,Yes,489912,963,979,20288,152,4.17%,https://www.instagram.com/officialraga/
19,@anikjaindesign,🚀 Macro Creator (100K - 1M),Gully Labs,Anik Jain,Yes,Yes,480418,1801,1257,3828,45,0.81%,https://www.instagram.com/anikjaindesign/
20,@kanchhiiii,🚀 Macro Creator (100K - 1M),Gully Labs,kanchhiiii,Yes,No,477000,0,0,8133,31,1.71%,https://www.instagram.com/kanchhiiii/
21,@hamidbarkzi07,🚀 Macro Creator (100K - 1M),Skechers India,Hamid Barkzi,Yes,Yes,388435,1091,1461,768,17,0.20%,https://www.instagram.com/hamidbarkzi07/
22,@yesmallika,🚀 Macro Creator (100K - 1M),Gully Labs,Mallika Motiramani,Yes,Yes,381433,1007,462,10602,48,2.79%,https://www.instagram.com/yesmallika/
23,@harteerathsingh,🚀 Macro Creator (100K - 1M),Gully Labs,Harteerath Singh Ahluwalia,Yes,Yes,335930,24,1083,1533,30,0.47%,https://www.instagram.com/harteerathsingh/
24,@sameoldseth,🚀 Macro Creator (100K - 1M),Gully Labs,Seth Eaton,Yes,Yes,243090,3211,858,14104,124,5.85%,https://www.instagram.com/sameoldseth/
25,@cmf.tech,🚀 Macro Creator (100K - 1M),Gully Labs,cmf.tech,Yes,No,243000,0,0,4529,74,1.89%,https://www.instagram.com/cmf.tech/
26,@winonakicks,🚀 Macro Creator (100K - 1M),Gully Labs,Charley McClay,Yes,Yes,231074,2155,1110,37430,112,16.25%,https://www.instagram.com/winonakicks/
27,@hemkunt_foundation,🚀 Macro Creator (100K - 1M),Gully Labs,Hemkunt Foundation,Yes,Yes,230727,3,1401,415,13,0.19%,https://www.instagram.com/hemkunt_foundation/
28,@smartkicksofficial,🚀 Macro Creator (100K - 1M),Gully Labs,Amit Pandey • India’s Sneaker Expert & Culture Creator,Yes,Yes,200449,202,1201,38041,209,19.08%,https://www.instagram.com/smartkicksofficial/
29,@itskivitime,🚀 Macro Creator (100K - 1M),Gully Labs,Kriti Vij and Viren Barman,No,Yes,190473,3,905,3543,30,1.88%,https://www.instagram.com/itskivitime/
30,@i.sahaj,🚀 Macro Creator (100K - 1M),Skechers India,Sahaj Singh,Yes,Yes,183147,1821,2813,829,43,0.48%,https://www.instagram.com/i.sahaj/
31,@capt_dvs,🚀 Macro Creator (100K - 1M),Skechers India,Capt. Dharmveer Singh,Yes,Yes,173074,7094,2075,1411,60,0.85%,https://www.instagram.com/capt_dvs/
32,@anuj.mp4,🚀 Macro Creator (100K - 1M),Gully Labs,Anuj Gupta,Yes,Yes,156713,992,257,2773,33,1.79%,https://www.instagram.com/anuj.mp4/
33,@agamjotsingh_10,🚀 Macro Creator (100K - 1M),Gully Labs,Agamjot Singh,Yes,Yes,156634,1217,384,2386,35,1.55%,https://www.instagram.com/agamjotsingh_10/
34,@parisa.barkzi,🚀 Macro Creator (100K - 1M),Skechers India,Parisa Barkzi,No,Yes,151512,996,1562,544,58,0.40%,https://www.instagram.com/parisa.barkzi/
35,@eeeeshika,🚀 Macro Creator (100K - 1M),Gully Labs,Eshika Tahilramani,No,Yes,140884,1339,903,2641,15,1.89%,https://www.instagram.com/eeeeshika/
36,@peachrinq,🚀 Macro Creator (100K - 1M),Gully Labs,Shaima,No,Yes,138345,675,257,3976,41,2.90%,https://www.instagram.com/peachrinq/
37,@subkocoffee,🚀 Macro Creator (100K - 1M),Gully Labs,Subko Coffee Roasters,Yes,Yes,119642,340,857,1855,14,1.56%,https://www.instagram.com/subkocoffee/
38,@rishiudapurkar,🚀 Macro Creator (100K - 1M),Gully Labs,Rishi Udapurkar,Yes,Yes,113651,800,216,4490,21,3.97%,https://www.instagram.com/rishiudapurkar/
39,@unoindiaofficial,🚀 Macro Creator (100K - 1M),Comet,UNO India,Yes,Yes,110348,1,457,14560,160,13.34%,https://www.instagram.com/unoindiaofficial/
40,@bombaysweetshop,🚀 Macro Creator (100K - 1M),Gully Labs,bombaysweetshop,Yes,No,108000,0,0,694,27,0.67%,https://www.instagram.com/bombaysweetshop/
41,@nirobrothers,✨ Mid-Tier Creator (50K - 100K),Gully Labs,Nirvaan and Vedant,No,Yes,96835,2,22,7841,116,8.22%,https://www.instagram.com/nirobrothers/
42,@experiencebroadway_,✨ Mid-Tier Creator (50K - 100K),Gully Labs,Broadway,Yes,Yes,95018,116,783,598,15,0.65%,https://www.instagram.com/experiencebroadway_/
43,@kauraverse,✨ Mid-Tier Creator (50K - 100K),Gully Labs,kauraverse,No,No,93000,0,0,10303,112,11.20%,https://www.instagram.com/kauraverse/
44,@niviasports,✨ Mid-Tier Creator (50K - 100K),Gully Labs,niviasports,Yes,No,90000,0,0,2579,45,2.92%,https://www.instagram.com/niviasports/
45,@nirvainnn,✨ Mid-Tier Creator (50K - 100K),Gully Labs,Nirvain,No,Yes,82093,336,362,6270,53,7.70%,https://www.instagram.com/nirvainnn/
46,@ex_dee_anas,✨ Mid-Tier Creator (50K - 100K),Gully Labs,Md Anas,No,Yes,76988,5106,821,1738,32,2.30%,https://www.instagram.com/ex_dee_anas/
47,@farakwear,✨ Mid-Tier Creator (50K - 100K),Comet,FARAK | फरक,Yes,Yes,70746,41,463,23278,178,33.16%,https://www.instagram.com/farakwear/
48,@illuminatedmilk,✨ Mid-Tier Creator (50K - 100K),Gully Labs,Shachi,Yes,Yes,63655,2680,358,2046,65,3.32%,https://www.instagram.com/illuminatedmilk/
49,@capsulindia,✨ Mid-Tier Creator (50K - 100K),Comet,capsulindia,Yes,No,61000,0,0,2276,37,3.79%,https://www.instagram.com/capsulindia/
50,@harshiitarora,✨ Mid-Tier Creator (50K - 100K),Gully Labs,Harshit Arora,Yes,Yes,55628,1140,649,254798,2153,461.91%,https://www.instagram.com/harshiitarora/
51,@negiraman,🎯 Micro Creator (10K - 50K),Gully Labs,Raman Negi,Yes,Yes,47009,1834,193,912,25,1.99%,https://www.instagram.com/negiraman/
52,@talesofcityofficial,🎯 Micro Creator (10K - 50K),Gully Labs,Tales of City ™,Yes,Yes,44037,6,540,2686,163,6.47%,https://www.instagram.com/talesofcityofficial/
53,@evaxfried,🎯 Micro Creator (10K - 50K),Gully Labs,evaxfried,No,No,43000,0,0,805,42,1.97%,https://www.instagram.com/evaxfried/
54,@indiansneakerfestival,🎯 Micro Creator (10K - 50K),Comet,indiansneakerfestival,Yes,No,43000,0,0,1702,31,4.03%,https://www.instagram.com/indiansneakerfestival/
55,@casabacardiin,🎯 Micro Creator (10K - 50K),Comet,casabacardiin,No,No,42000,0,0,8370,45,20.04%,https://www.instagram.com/casabacardiin/
56,@nick.shayden,🎯 Micro Creator (10K - 50K),Gully Labs,Nishchaiy Kamra,Yes,Yes,40713,997,341,2462,12,6.08%,https://www.instagram.com/nick.shayden/
57,@adityab27,🎯 Micro Creator (10K - 50K),"Comet, Gully Labs",Aditya Bhalla,Yes,Yes,40490,1183,828,4895,97,12.33%,https://www.instagram.com/adityab27/
58,@veronicasbombay,🎯 Micro Creator (10K - 50K),Comet,Veronica’s,No,Yes,39041,44,707,6645,74,17.21%,https://www.instagram.com/veronicasbombay/
59,@medusaindia,🎯 Micro Creator (10K - 50K),Gully Labs,medusaindia,Yes,No,39000,0,0,439,8,1.15%,https://www.instagram.com/medusaindia/
60,@sooka.mag,🎯 Micro Creator (10K - 50K),Gully Labs,SOOKA,No,Yes,38093,128,402,42061,138,110.78%,https://www.instagram.com/sooka.mag/
61,@yashvi.bhaia,🎯 Micro Creator (10K - 50K),Gully Labs,yashvi bhaia,No,Yes,32650,1270,265,5999,96,18.67%,https://www.instagram.com/yashvi.bhaia/
62,@vagavoom,🎯 Micro Creator (10K - 50K),Gully Labs,Vani Verma,No,Yes,30734,3141,1652,1423,36,4.75%,https://www.instagram.com/vagavoom/
63,@parvaazmusic,🎯 Micro Creator (10K - 50K),Gully Labs,parvaazmusic,Yes,No,30000,0,0,1515,26,5.14%,https://www.instagram.com/parvaazmusic/
64,@skecherscricket,🎯 Micro Creator (10K - 50K),Skechers India,skecherscricket,No,No,28000,0,0,450,14,1.66%,https://www.instagram.com/skecherscricket/
65,@odd.noteven,🎯 Micro Creator (10K - 50K),Comet,Odd Not Even,Yes,Yes,26563,2,106,4942,77,18.89%,https://www.instagram.com/odd.noteven/
66,@rahasyafragrances,🎯 Micro Creator (10K - 50K),Gully Labs,rahasyafragrances,No,No,25000,0,0,3690,38,14.91%,https://www.instagram.com/rahasyafragrances/
67,@itspalakandmahir,🎯 Micro Creator (10K - 50K),Gully Labs,Palak & Mahir,No,Yes,23571,8,220,1781,6,7.58%,https://www.instagram.com/itspalakandmahir/
68,@ghar.1964,🎯 Micro Creator (10K - 50K),Gully Labs,GHAR 1964 | Stay & cafe | Sojha | Himachal📍,No,Yes,22188,81,423,6547,101,29.96%,https://www.instagram.com/ghar.1964/
69,@eternalramblings,🎯 Micro Creator (10K - 50K),Gully Labs,Mayank Mittal | KAPOW! | EternalRamblings,No,Yes,20485,2343,477,421,42,2.26%,https://www.instagram.com/eternalramblings/
70,@kevalnova,🎯 Micro Creator (10K - 50K),Gully Labs,Keval Patel,Yes,Yes,19340,264,214,2284,50,12.07%,https://www.instagram.com/kevalnova/
71,@jhillmildhoot,🎯 Micro Creator (10K - 50K),Comet,jhillmildhoot,No,Yes,18950,754,199,1457,48,7.94%,https://www.instagram.com/jhillmildhoot/
72,@akshay_freestyle,🎯 Micro Creator (10K - 50K),Gully Labs,Akshay Yadav |Football Freestyle,No,Yes,17820,1366,1045,591,41,3.55%,https://www.instagram.com/akshay_freestyle/
73,@gullylabs.global,🎯 Micro Creator (10K - 50K),Gully Labs,gullylabs.global,No,Yes,17077,28,64,1648,20,9.77%,https://www.instagram.com/gullylabs.global/
74,@itskapowtime,🎯 Micro Creator (10K - 50K),Gully Labs,KAPOW! (कपाओ!) 💣,Yes,Yes,15262,284,659,2148,16,14.18%,https://www.instagram.com/itskapowtime/
75,@leada.in,🎯 Micro Creator (10K - 50K),Gully Labs,leada.in,No,No,14000,0,0,5444,64,39.34%,https://www.instagram.com/leada.in/
76,@saffaaah,🎯 Micro Creator (10K - 50K),Gully Labs,saffah👼🏽 | presenter & content creator,No,Yes,11927,4043,132,3,20,0.19%,https://www.instagram.com/saffaaah/
77,@dominasianmagazine,🎯 Micro Creator (10K - 50K),Gully Labs,DominAsian Magazine,No,Yes,10868,1971,470,567,11,5.32%,https://www.instagram.com/dominasianmagazine/
78,@lambo.drive,🎯 Micro Creator (10K - 50K),Gully Labs,Janesh Arya,Yes,Yes,10604,5036,63,1815,90,17.96%,https://www.instagram.com/lambo.drive/
79,@thecometnucleus,🌱 Nano Creator (<10K),Comet,Comet Nucleus,No,Yes,8495,1,33,5534,73,66.00%,https://www.instagram.com/thecometnucleus/
80,@snkrhood.in,🌱 Nano Creator (<10K),Gully Labs,SNKRHOOD,No,Yes,6325,3,211,675,5,10.75%,https://www.instagram.com/snkrhood.in/
81,@ukato.music,🌱 Nano Creator (<10K),Gully Labs,UKato | Utkarsh Singh,No,Yes,5546,1985,81,1590,43,29.44%,https://www.instagram.com/ukato.music/
82,@kommunedelhincr,🌱 Nano Creator (<10K),Gully Labs,kommunedelhincr,No,No,4805,0,0,910,30,19.56%,https://www.instagram.com/kommunedelhincr/
83,@delhiartweekend,🌱 Nano Creator (<10K),Gully Labs,Delhi Art Weekend,Yes,Yes,4419,41,146,103,0,2.33%,https://www.instagram.com/delhiartweekend/
84,@amra.ldn,🌱 Nano Creator (<10K),Gully Labs,AMRA,No,Yes,3966,2,19,509,16,13.24%,https://www.instagram.com/amra.ldn/
85,@gurshaabedi,🌱 Nano Creator (<10K),Gully Labs,Gurshaa,No,Yes,3788,3399,447,2074,108,57.60%,https://www.instagram.com/gurshaabedi/
86,@utkgpt,🌱 Nano Creator (<10K),Comet,Utkarsh Gupta,Yes,No,3051,1262,5,8079,120,268.73%,https://www.instagram.com/utkgpt/
87,@norbu.noises,🌱 Nano Creator (<10K),Gully Labs,Norbu,No,Yes,1980,999,33,448,8,23.03%,https://www.instagram.com/norbu.noises/
88,@yuzenmatcha,🌱 Nano Creator (<10K),Gully Labs,yuzenmatcha,No,No,928,0,0,447,6,48.81%,https://www.instagram.com/yuzenmatcha/
89,@thethirdspacedelhi,🌱 Nano Creator (<10K),Gully Labs,thethirdspacedelhi,No,No,880,0,0,1339,14,153.75%,https://www.instagram.com/thethirdspacedelhi/
90,@ofthewilderness.otw,🌱 Nano Creator (<10K),Gully Labs,Of the Wilderness,No,Yes,857,15,60,50223,273,5892.18%,https://www.instagram.com/ofthewilderness.otw/
91,@quatre.creators,🌱 Nano Creator (<10K),Gully Labs,Quatre,No,Yes,417,4,27,356,63,100.48%,https://www.instagram.com/quatre.creators/
