#,Hierarchy Tier,Brand Name,State / Origin (HQ),Creator Handle,Followers,Video Content Genre,Views / Plays,Likes,Comments,Like-to-View %,Creator ER%,Post Date,Direct Instagram URL,Boost Status & Reason,Caption Preview
1,Tier 1: Toggle ON + Boosted,Palmonas,"Pan-India / Maharashtra (HQ: Pune, D2C)",@mieshaiyer,893000,🌟 Celebrity Ambassador Campaign (Shraddha Kapoor),56071933,64309,115,0.11%,7.21%,2026-02-24,https://www.instagram.com/p/DVJDJ4TiGq9/,"🚀 Heavily Boosted (Paid Ad Spend): High view count (56,071,933) with sub-0.35% like rate (0.11%) indicates paid video ads campaign","Golden hour hits differently in Cape Town when you’re stacked and layered in Palmonas! 😌💅✨🌄  [Everyday luxury, Demi-fine jewellery, 18k gold vermeil, Gold tone jewellery, Timeless, Shraddha Kapoor Jewellery Brand, Buy Now, Elegance, Affordable luxury"
2,Tier 1: Toggle ON + Boosted,Palmonas,"Pan-India / Maharashtra (HQ: Pune, D2C)",@itusharkhanna,2000000,👗 Jewellery Styling & OOTD / GRWM,16809679,35185,187,0.21%,1.77%,2026-07-28,https://www.instagram.com/p/DbVgLvJNUpj/,"🚀 Heavily Boosted (Paid Ad Spend): High view count (16,809,679) with sub-0.35% like rate (0.21%) indicates paid video ads campaign","GRWM to meet my favourite inconvenience... the same person who’ll ask for “one tiny favour” and still expect a Friendship Day gift😌✨ Lucky for them, Palmonas has me covered🛍️  [Everyday luxury, Demi-fine jewellery, 18k gold vermeil, Gold tone jewelle"
3,Tier 1: Toggle ON + Boosted,Palmonas,"Pan-India / Maharashtra (HQ: Pune, D2C)",@girijaprabhu_official,453000,💎 Demi-Fine Gold & Anti-Tarnish Craft Lore,12470152,22771,138,0.18%,5.06%,2026-03-18,https://www.instagram.com/p/DWBVnxeDUbR/,"🚀 Heavily Boosted (Paid Ad Spend): High view count (12,470,152) with sub-0.35% like rate (0.18%) indicates paid video ads campaign","Draped in tradition, sparkling with every fold, and stepping into all the festive vibes... ✨🌺  Here’s to new beginnings that glow, grow, and feel extra this Gudi Padwa! 💛  [Everyday luxury, 9KT Fine Gold, Demi-fine jewellery, Gold tone jewellery, Tim"
4,Tier 1: Toggle ON + Boosted,Palmonas,"Pan-India / Maharashtra (HQ: Pune, D2C)",@saumyas_world_,2000000,"🎁 Gifting, Festive & Occasion Drops",5963096,16747,288,0.28%,0.85%,2026-04-08,https://www.instagram.com/p/DW3sPaHCCC6/,"🚀 Heavily Boosted (Paid Ad Spend): High view count (5,963,096) with sub-0.35% like rate (0.28%) indicates paid video ads campaign","Some choices don’t need a second take.. 💫  This Akshaya Tritiya, make Palmonas’ 9KT Fine Gold jewellery a part of every scene! 🎬  And as a festive bonus… enjoy a FREE gold coin on purchases of ₹20,000 & above! The critics are calling it… the deal of"
5,Tier 1: Toggle ON + Boosted,Palmonas,"Pan-India / Maharashtra (HQ: Pune, D2C)",@ravinasharma_,120000,💎 Demi-Fine Gold & Anti-Tarnish Craft Lore,5458138,5246,39,0.10%,4.40%,2026-06-22,https://www.instagram.com/p/DZ5JfYzIMH0/,"🚀 Heavily Boosted (Paid Ad Spend): High view count (5,458,138) with sub-0.35% like rate (0.1%) indicates paid video ads campaign","The weather may be unpredictable, but my love for jewellery isn’t... 😌⛈️✨  Especially during monsoon season, when every piece gives me a reason to step out! 😉✨  Palmonas’ Monsoon Sale is LIVE. Shop now! ⚡  [Everyday luxury, Demi-fine jewellery, 18k g"
6,Tier 1: Toggle ON + Boosted,Palmonas,"Pan-India / Maharashtra (HQ: Pune, D2C)",@justjanvi,2000000,💎 Demi-Fine Gold & Anti-Tarnish Craft Lore,4491406,11581,55,0.26%,0.58%,2026-07-02,https://www.instagram.com/p/DaSlxg_ByQt/,"🚀 Heavily Boosted (Paid Ad Spend): High view count (4,491,406) with sub-0.35% like rate (0.26%) indicates paid video ads campaign","Can’t promise I’ll make it to the gym, but I’ll always show up with good jewellery! 😌✨  [Everyday luxury, Demi-fine jewellery, 18k gold vermeil, Gold tone jewellery, Timeless, Buy Now, Elegance, Affordable luxury, Shop Now, Visit our jewellery store"
7,Tier 1: Toggle ON + Boosted,Palmonas,"Pan-India / Maharashtra (HQ: Pune, D2C)",@heli_daruwala,2000000,💎 Demi-Fine Gold & Anti-Tarnish Craft Lore,1635060,4596,60,0.28%,0.23%,2026-08-16,https://www.instagram.com/p/DcGcLdpNKga/,"🚀 Heavily Boosted (Paid Ad Spend): High view count (1,635,060) with sub-0.35% like rate (0.28%) indicates paid video ads campaign","This Rakhi, I decided to be the nice sibling for once, and got my brother something from Palmonas! ✨🌻 Consider this my annual act of kindness…😏 “  [Its A Tie, Rakshabandhan, Everyday luxury, Demi-fine jewellery, 18k gold vermeil, Gold tone jewellery,"
8,Tier 1: Toggle ON + Boosted,Palmonas,"Pan-India / Maharashtra (HQ: Pune, D2C)",@abhidnya.u.b,538000,"🎁 Gifting, Festive & Occasion Drops",1514685,4652,46,0.31%,0.87%,2026-04-07,https://www.instagram.com/p/DW1a7paBCuA/,"🚀 Heavily Boosted (Paid Ad Spend): High view count (1,514,685) with sub-0.35% like rate (0.31%) indicates paid video ads campaign","My gold finally found its place… with me! ✨  This Akshay Tritiya, I’m choosing Palmonas’ 9KT Fine Gold pieces that evolve with me – through every moment, every version of me. 💛  Plus, a little festive bonus… a free gold coin on orders of ₹20,000 & ab"
9,Tier 1: Toggle ON + Boosted,Palmonas,"Pan-India / Maharashtra (HQ: Pune, D2C)",@apeksha_porwal,127000,💎 Demi-Fine Gold & Anti-Tarnish Craft Lore,975603,2795,68,0.29%,2.25%,2026-07-13,https://www.instagram.com/p/Dau66G0NiFL/,"🚀 Heavily Boosted (Paid Ad Spend): High view count (975,603) with sub-0.35% like rate (0.29%) indicates paid video ads campaign","I’ve always had a heart for beautiful things... 💌✨ The kind you keep coming back to, the kind that becomes a part of you... And Palmonas is one of them!🪻💫  [Everyday luxury, Demi-fine jewellery, 18k gold vermeil, Gold tone jewellery, Timeless, Buy No"
10,Tier 1: Toggle ON + Boosted,Palmonas,"Pan-India / Maharashtra (HQ: Pune, D2C)",@drishti_kharbanda,683000,💎 Demi-Fine Gold & Anti-Tarnish Craft Lore,654944,3,24,0.00%,0.00%,2026-07-27,https://www.instagram.com/p/DbS823WJwYB/,"🚀 Heavily Boosted (Paid Ad Spend): High view count (654,944) with sub-0.35% like rate (0.0%) indicates paid video ads campaign","I mean... it’s a win-win! 🤭 She gets to be late, I get to romanticise getting ready, a little longer, with Palmonas! 😌✨  [Everyday luxury, Demi-fine jewellery, 18k gold vermeil, Gold tone jewellery, Timeless, Buy Now, Elegance, Affordable luxury, Sho"
11,Tier 1: Toggle ON + Boosted,Palmonas,"Pan-India / Maharashtra (HQ: Pune, D2C)",@jagritikatyal,32000,💎 Demi-Fine Gold & Anti-Tarnish Craft Lore,99349,615,14,0.62%,1.97%,2026-06-21,https://www.instagram.com/p/DZ1onZ4oTzV/,"🔍 Likely Boosted (Targeted Ad): Disproportionate views (99,349) relative to likes (615)","Dad’s price guessing skills? Questionable👀 The gifting game? Unmatched💛  This Father’s Day, celebrate him with pieces he’ll love at prices that’ll surprise him with @palmonas✨😌  [Everyday luxury, Demi-fine jewellery, 18k gold vermeil, Gold tone jewel"
12,Tier 2: Toggle ON + Organic,Palmonas,"Pan-India / Maharashtra (HQ: Pune, D2C)",@namanpachori,9000000,🌟 Celebrity Ambassador Campaign (Shraddha Kapoor),11878935,89966,1329,0.76%,1.01%,2026-03-15,https://www.instagram.com/p/DV54MPjDT_P/,⚪ Standard Organic: Baseline organic collab reach,"The newest Palmonas store is now open in the City of Lakes at the Urban Square Mall.   Come say hello and explore the collections! 🌻  [New Store, Couple Goals, 9kt Mangalsutra, Everyday luxury, Demi-fine jewellery, Timeless, Shraddha Kapoor Jewellery"
13,Tier 2: Toggle ON + Organic,Palmonas,"Pan-India / Maharashtra (HQ: Pune, D2C)",@roshniwaliaa,4000000,💎 Demi-Fine Gold & Anti-Tarnish Craft Lore,3995349,38207,330,0.96%,0.96%,2026-06-11,https://www.instagram.com/p/DZc1y2ds0cK/,⚪ Standard Organic: Baseline organic collab reach,"My jewellery collection is basically a timeline of my favourite moments... ✨🪻  A little reminder of places I’ve been, people I’ve loved, and memories I never want to outgrow. 💫  [Everyday luxury, Demi-fine jewellery, 18k gold vermeil, Gold tone jewel"
14,Tier 2: Toggle ON + Organic,Palmonas,"Pan-India / Maharashtra (HQ: Pune, D2C)",@apurrva_soni,924000,🌟 Celebrity Ambassador Campaign (Shraddha Kapoor),1456048,16163,113,1.11%,1.76%,2026-07-23,https://www.instagram.com/p/DbIiXdbh8WE/,⚪ Standard Organic: Baseline organic collab reach,"Just a girl, a date to get ready for, and a little Palmonas magic to make the look complete✨💛  Comment LINK for jewellery details!🛍️ @shraddhakapoor @palmonas_official   [Everyday luxury, Demi-fine jewellery, 18k gold vermeil, Gold tone jewellery, Ti"
15,Tier 2: Toggle ON + Organic,Palmonas,"Pan-India / Maharashtra (HQ: Pune, D2C)",@iashnazaveri,827000,💎 Demi-Fine Gold & Anti-Tarnish Craft Lore,492952,2550,23,0.52%,0.31%,2026-05-13,https://www.instagram.com/p/DYR3p__oiUK/,⚪ Standard Organic: Baseline organic collab reach,"Palmonas is celebrating 4 years and somehow, they’re making ME feel like the birthday girl! 🤭💅✨ Must be one of their birthday rules to spoil the rest of us with their Birthday Sale! 😌  The sale is live! SHOP NOW.  [Everyday luxury, Demi-fine jeweller"
16,Tier 2: Toggle ON + Organic,Palmonas,"Pan-India / Maharashtra (HQ: Pune, D2C)",@nidzzdigitaldiary,220000,🌟 Celebrity Ambassador Campaign (Shraddha Kapoor),452187,6324,65,1.40%,2.90%,2026-04-30,https://www.instagram.com/p/DXwaDEsyQaG/,⚪ Standard Organic: Baseline organic collab reach,"Monday blues? I prefer Mondays in Silver! 😌✨💅   Because your week deserves a silver lining from the start! 💫  Shop Palmonas' 'Monday' collection now!  —  [Akshay Tritiya, Festive Season, Everyday luxury, 9KT Pure Gold, Timeless, Shraddha Kapoor Jewel"
17,Tier 2: Toggle ON + Organic,Palmonas,"Pan-India / Maharashtra (HQ: Pune, D2C)",@nidzzdigitaldiary,220000,✨ Contemporary Demi-Fine Jewellery & Lifestyle,363182,3017,26,0.83%,1.38%,2026-07-31,https://www.instagram.com/p/DbdOqi8Sm_i/,⚪ Standard Organic: Baseline organic collab reach,"No friendships were ruined… but our competitive sides definitely showed up! 👀 but even after all the chaos, she’s still my best friend! 🤭🌻✨  Now we need your verdict – whose look won this challenge? 😌 Let us know in the comments! ⭐ @palmonas_official"
18,Tier 3: Toggle OFF + Boosted,Palmonas,"Pan-India / Maharashtra (HQ: Pune, D2C)",@nikitadhongdi,833000,👗 Jewellery Styling & OOTD / GRWM,113355725,60085,473,0.05%,7.27%,2026-05-26,https://www.instagram.com/p/DYycox_sd9e/,"🚀 Heavily Boosted (Paid Ad Spend): High view count (113,355,725) with sub-0.35% like rate (0.05%) indicates paid video ads campaign","The best kind of souvenirs are the ones you keep wearing long after the trip ends...🍹✨✈️  Tiny reminders of places, good outfits, and the versions of yourself you met along the way... Palmonas just gets it! 💫  #NikitaDhongdi #palmonas #lifetimewarran"
19,Tier 3: Toggle OFF + Boosted,Palmonas,"Pan-India / Maharashtra (HQ: Pune, D2C)",@_aaashiiii_,137000,🌟 Celebrity Ambassador Campaign (Shraddha Kapoor),23959192,13723,134,0.06%,10.11%,2026-04-28,https://www.instagram.com/p/DXrkIz4CFia/,"🚀 Heavily Boosted (Paid Ad Spend): High view count (23,959,192) with sub-0.35% like rate (0.06%) indicates paid video ads campaign","With plans that never seem to end, your jewellery should stay committed to your calendar, from AM to PM! 💻🥂✨💅  Shop our ‘AM to PM’ Collection NOW.  —  [Akshay Tritiya, Festive Season, Everyday luxury, 9KT Pure Gold, Timeless, Shraddha Kapoor Jeweller"
20,Tier 3: Toggle OFF + Boosted,Palmonas,"Pan-India / Maharashtra (HQ: Pune, D2C)",@surbhirathore3_,3000000,🌟 Celebrity Ambassador Campaign (Shraddha Kapoor),21861328,72153,82,0.33%,2.41%,2026-06-07,https://www.instagram.com/p/DZSMWQ-P8Ml/,"🚀 Heavily Boosted (Paid Ad Spend): High view count (21,861,328) with sub-0.35% like rate (0.33%) indicates paid video ads campaign","Time doesn’t feel like something I’m chasing here… it stretches a little longer, and every moment somehow feels better with Palmonas. ✨🌻💫  [Everyday luxury, Demi-fine jewellery, 18k gold vermeil, Gold tone jewellery, Timeless, Shraddha Kapoor Jewelle"
21,Tier 3: Toggle OFF + Boosted,Palmonas,"Pan-India / Maharashtra (HQ: Pune, D2C)",@tishabhoomi5,3000000,💎 Demi-Fine Gold & Anti-Tarnish Craft Lore,21462472,50238,114,0.23%,1.68%,2026-06-15,https://www.instagram.com/p/DZmy2APyWOW/,"🚀 Heavily Boosted (Paid Ad Spend): High view count (21,462,472) with sub-0.35% like rate (0.23%) indicates paid video ads campaign","I love the rain. I love getting dressed up. ✨⛈️  Luckily, with Palmonas, I don't have to pick a favourite! 😌🌻✨ The Monsoon Sale is LIVE. Shop now!  [Everyday luxury, Demi-fine jewellery, 18k gold vermeil, Gold tone jewellery, Timeless, Buy Now, Elega"
22,Tier 3: Toggle OFF + Boosted,Palmonas,"Pan-India / Maharashtra (HQ: Pune, D2C)",@sanjanasanghi96,2000000,✨ Contemporary Demi-Fine Jewellery & Lifestyle,21052054,48343,267,0.23%,2.43%,2026-04-03,https://www.instagram.com/p/DWq6XRAErDq/,"🚀 Heavily Boosted (Paid Ad Spend): High view count (21,052,054) with sub-0.35% like rate (0.23%) indicates paid video ads campaign","This year, I wanted my gold accessories to feel personal - something I’d carry with me every day, not just save for occasions ✨  And I think in Palmonas 9KT fine gold pieces, I found exactly that! They’re light, meaningful, and effortlessly a part of"
23,Tier 3: Toggle OFF + Boosted,Palmonas,"Pan-India / Maharashtra (HQ: Pune, D2C)",@shyrinn_anicka,945000,💎 Demi-Fine Gold & Anti-Tarnish Craft Lore,19011192,50177,317,0.26%,5.34%,2026-02-28,https://www.instagram.com/p/DVTpKkUiCCJ/,"🚀 Heavily Boosted (Paid Ad Spend): High view count (19,011,192) with sub-0.35% like rate (0.26%) indicates paid video ads campaign","The ocean’s shimmering, but respectfully… so am I… in Palmonas! 🌊🌄✨  P.S. Serving vitamin sea with a side of sparkle is exactly what I’m signing up for this summer! 😌💅  [Spring Summer ‘26 Collection, Everyday luxury, Demi-fine jewellery, 18k gold ver"
24,Tier 3: Toggle OFF + Boosted,Palmonas,"Pan-India / Maharashtra (HQ: Pune, D2C)",@shagunipawar,90000,🌟 Celebrity Ambassador Campaign (Shraddha Kapoor),18880433,19472,140,0.10%,21.79%,2026-01-17,https://www.instagram.com/p/DTnJcO7DJ89/,"🚀 Heavily Boosted (Paid Ad Spend): High view count (18,880,433) with sub-0.35% like rate (0.1%) indicates paid video ads campaign","For Indians, every purchase is tied to a shubh muhurat. Right now is the ideal muhurat for you to shop your faves!   Our B1G1 sale is live. SHOP NOW!🛍️✨  [Everyday luxury, Demi-fine jewellery, 18k gold vermeil, Gold tone jewellery, Timeless, Shraddha"
25,Tier 3: Toggle OFF + Boosted,Palmonas,"Pan-India / Maharashtra (HQ: Pune, D2C)",@sadiaakhateeb,1000000,💎 Demi-Fine Gold & Anti-Tarnish Craft Lore,16367138,62025,458,0.38%,6.25%,2026-06-12,https://www.instagram.com/p/DZfCL4BN4qw/,🚀 Boosted (Paid Ad Spend): High view multiplier (16.37x followers) combined with low engagement rate (0.38%),"The reason Palmonas earned a permanent spot in my jewellery rotation is pretty simple. 😌  ✨ Tarnish-resistant ✨ Hypoallergenic & sensitive-skin friendly ✨ Effortlessly elevates every look ✨ Made to be worn on repeat  Safe to say, this is one casting"
26,Tier 3: Toggle OFF + Boosted,Palmonas,"Pan-India / Maharashtra (HQ: Pune, D2C)",@mohit_hiranandani93,449000,💎 Demi-Fine Gold & Anti-Tarnish Craft Lore,14336065,14785,79,0.10%,3.31%,2026-08-03,https://www.instagram.com/p/Dbk-bm_IZvZ/,"🚀 Heavily Boosted (Paid Ad Spend): High view count (14,336,065) with sub-0.35% like rate (0.1%) indicates paid video ads campaign","Ad.  Started the day chasing islands...🌴 Ended it chasing the perfect pour!🍹  If I’m going to do it all for the plot, I might as well look good doing it in Palmonas!✨  [Everyday luxury, Demi-fine jewellery, 18k gold vermeil, Gold tone jewellery, Time"
27,Tier 3: Toggle OFF + Boosted,Palmonas,"Pan-India / Maharashtra (HQ: Pune, D2C)",@dishaagarwalllll,417000,💎 Demi-Fine Gold & Anti-Tarnish Craft Lore,13963292,11102,98,0.08%,2.69%,2026-06-25,https://www.instagram.com/p/DaAhJPUob31/,"🚀 Heavily Boosted (Paid Ad Spend): High view count (13,963,292) with sub-0.35% like rate (0.08%) indicates paid video ads campaign","Every click is music to my ears, and Palmonas is playing all the right notes! 🎶✨  From the sparkle to the stacks, every little detail is pure serotonin! 😌🤌  [Everyday luxury, Demi-fine jewellery, 18k gold vermeil, Gold tone jewellery, Timeless, Buy N"
28,Tier 3: Toggle OFF + Boosted,Palmonas,"Pan-India / Maharashtra (HQ: Pune, D2C)",@khushibhardwaj_official,584000,✨ Contemporary Demi-Fine Jewellery & Lifestyle,12955877,16432,385,0.13%,2.88%,2026-06-17,https://www.instagram.com/p/DZr8LvZMEs0/,"🚀 Heavily Boosted (Paid Ad Spend): High view count (12,955,877) with sub-0.35% like rate (0.13%) indicates paid video ads campaign","Something about the rain just convinces me that a little treat is necessary. ☔💍✨  And honestly? I'm not arguing with the weather...   So while the clouds do their thing, you do yours – shop the Monsoon Sale before the forecast changes. 😉🌧️  [Everyday"
29,Tier 3: Toggle OFF + Boosted,Palmonas,"Pan-India / Maharashtra (HQ: Pune, D2C)",@surabhi.samriddhi,12000000,"🎁 Gifting, Festive & Occasion Drops",12148171,31107,179,0.26%,0.26%,2026-05-19,https://www.instagram.com/p/DYhSUeYTVhi/,"🚀 Heavily Boosted (Paid Ad Spend): High view count (12,148,171) with sub-0.35% like rate (0.26%) indicates paid video ads campaign","Palmonas had us in sync for their 4th birthday celebration… until our jewellery choices reflected different personalities! 🤭💅 Thankfully, Palmonas has a pick for every vibe! 😌✨ @palmonas_official   Their Birthday Sale is LIVE. Shop now!  [Everyday lu"
30,Tier 3: Toggle OFF + Boosted,Palmonas,"Pan-India / Maharashtra (HQ: Pune, D2C)",@donalbisht,2000000,💎 Demi-Fine Gold & Anti-Tarnish Craft Lore,11538124,12608,105,0.11%,0.64%,2026-05-28,https://www.instagram.com/p/DY4eg5yvqo5/,"🚀 Heavily Boosted (Paid Ad Spend): High view count (11,538,124) with sub-0.35% like rate (0.11%) indicates paid video ads campaign","The tears were temporary… but these jewellery pieces just earned a permanent spot in my jewellery rotation! 😌💅  Make them yours before the Palmonas End of Season Sale ends. Shop now! ✨  [Everyday luxury, Demi-fine jewellery, 18k gold vermeil, Gold to"
31,Tier 3: Toggle OFF + Boosted,Palmonas,"Pan-India / Maharashtra (HQ: Pune, D2C)",@teju_ashwini,1000000,👗 Jewellery Styling & OOTD / GRWM,11455621,24714,98,0.22%,2.48%,2026-05-29,https://www.instagram.com/p/DY7CdUFqFLm/,"🚀 Heavily Boosted (Paid Ad Spend): High view count (11,455,621) with sub-0.35% like rate (0.22%) indicates paid video ads campaign","I swear the Palmonas End of Season Sale was specifically created for people like me who cannot leave an outfit under-accessorised! 😌💅✨  [Everyday luxury, Demi-fine jewellery, 18k gold vermeil, Gold tone jewellery, Timeless, Buy Now, Elegance, Afforda"
32,Tier 3: Toggle OFF + Boosted,Palmonas,"Pan-India / Maharashtra (HQ: Pune, D2C)",@nidz_20,2000000,💎 Demi-Fine Gold & Anti-Tarnish Craft Lore,10450879,27858,168,0.27%,1.40%,2026-07-24,https://www.instagram.com/p/DbLOV45sBFC/,"🚀 Heavily Boosted (Paid Ad Spend): High view count (10,450,879) with sub-0.35% like rate (0.27%) indicates paid video ads campaign","I fear Jewellery Maxxing has officially maxxed its way into my personality… thankfully, there’s a collection that completely gets it✨ Shop the Palmonas x Tanya Ghavri Collection now🛍️  [Everyday luxury, Demi-fine jewellery, 18k gold vermeil, Gold ton"
33,Tier 3: Toggle OFF + Boosted,Palmonas,"Pan-India / Maharashtra (HQ: Pune, D2C)",@aakanksha_official12,883000,🌟 Celebrity Ambassador Campaign (Shraddha Kapoor),10044474,25045,127,0.25%,2.85%,2026-03-17,https://www.instagram.com/p/DV_bK4NDzRY/,"🚀 Heavily Boosted (Paid Ad Spend): High view count (10,044,474) with sub-0.35% like rate (0.25%) indicates paid video ads campaign","New memories in the making, and 9KT Gold to hold them close.. ✨   Here’s to beginnings that glow, and grow into something beautiful this Ugadi! 🌸   [Everyday luxury, 9KT Fine Gold, Demi-fine jewellery, Gold tone jewellery, Timeless, Shraddha Kapoor J"
34,Tier 3: Toggle OFF + Boosted,Palmonas,"Pan-India / Maharashtra (HQ: Pune, D2C)",@tarunaadhillon,240000,💎 Demi-Fine Gold & Anti-Tarnish Craft Lore,9572843,17407,57,0.18%,7.28%,2026-06-23,https://www.instagram.com/p/DZ7bFIFTv7G/,"🚀 Heavily Boosted (Paid Ad Spend): High view count (9,572,843) with sub-0.35% like rate (0.18%) indicates paid video ads campaign","I believe every cinematic rain sequence deserves the perfect jewellery stack.. 🎬☔✨ Luckily, Palmonas and I share the same vision! 😌💖  And with the Monsoon Sale now live, building that stack has never looked better! 🌻💫  [Everyday luxury, Demi-fine jew"
35,Tier 3: Toggle OFF + Boosted,Palmonas,"Pan-India / Maharashtra (HQ: Pune, D2C)",@thecozyvibe,589000,💎 Demi-Fine Gold & Anti-Tarnish Craft Lore,9089216,15863,61,0.17%,2.70%,2026-07-09,https://www.instagram.com/p/Dak5B9Ig5xY/,"🚀 Heavily Boosted (Paid Ad Spend): High view count (9,089,216) with sub-0.35% like rate (0.17%) indicates paid video ads campaign","Paris is for romantics...✨ but I’m just here... romanticising my jewellery! 😌🌻💫 The cafés, the streets, the sparkle... I’m choosing all of the above! 💖🤌  [Everyday luxury, Demi-fine jewellery, 18k gold vermeil, Gold tone jewellery, Timeless, Buy Now,"
36,Tier 3: Toggle OFF + Boosted,Palmonas,"Pan-India / Maharashtra (HQ: Pune, D2C)",@faby_makeupartist,781000,💎 Demi-Fine Gold & Anti-Tarnish Craft Lore,7818767,5680,80,0.07%,0.74%,2026-07-01,https://www.instagram.com/p/DaQAstGNeqR/,"🚀 Heavily Boosted (Paid Ad Spend): High view count (7,818,767) with sub-0.35% like rate (0.07%) indicates paid video ads campaign","There’s nothing like making memories in a new city... 🌆✨  Especially with jewellery that’s there for every moment! 💫  [Everyday luxury, Demi-fine jewellery, 18k gold vermeil, Gold tone jewellery, Timeless, Buy Now, Elegance, Affordable luxury, Shop N"
37,Tier 3: Toggle OFF + Boosted,Palmonas,"Pan-India / Maharashtra (HQ: Pune, D2C)",@snigdha_officiall,799000,💎 Demi-Fine Gold & Anti-Tarnish Craft Lore,7048897,11552,58,0.16%,1.45%,2026-06-24,https://www.instagram.com/p/DZ-BFQcK9Zm/,"🚀 Heavily Boosted (Paid Ad Spend): High view count (7,048,897) with sub-0.35% like rate (0.16%) indicates paid video ads campaign","Couldn’t hear me? That’s okay. The jewellery got the message across. And frankly, it said it better. ☔😌✨ What was the message, you ask?  Palmonas’ Monsoon Sale is LIVE. Go shop now! 💫  [Everyday luxury, Demi-fine jewellery, 18k gold vermeil, Gold ton"
38,Tier 3: Toggle OFF + Boosted,Palmonas,"Pan-India / Maharashtra (HQ: Pune, D2C)",@the_styleup_chic,101000,💎 Demi-Fine Gold & Anti-Tarnish Craft Lore,6466085,7654,53,0.12%,7.63%,2026-05-30,https://www.instagram.com/p/DY9nKzBJfwe/,"🚀 Heavily Boosted (Paid Ad Spend): High view count (6,466,085) with sub-0.35% like rate (0.12%) indicates paid video ads campaign","It’s all fun and games until you accidentally stumble upon the jewellery pieces your collection has been waiting for! 😌💅✨   @palmonas_official End Of Season Sale really knows how to raise the stacks... I mean stakes! 👀✨  [Everyday luxury, Demi-fine j"
39,Tier 3: Toggle OFF + Boosted,Palmonas,"Pan-India / Maharashtra (HQ: Pune, D2C)",@rishidha_katna,164000,🌟 Celebrity Ambassador Campaign (Shraddha Kapoor),6226993,3,22,0.00%,0.02%,2026-04-29,https://www.instagram.com/p/DXtxBc8k001/,"🚀 Heavily Boosted (Paid Ad Spend): High view count (6,226,993) with sub-0.35% like rate (0.0%) indicates paid video ads campaign","If sparkle was a music genre, I’d be headlining with Palmonas’ Carnival Edit! 💖🎡✨  Because catching compliments should be just as easy as catching the beat! 💃💫  Shop the ‘Carnival Edit’ NOW.  [Everyday luxury, 9KT Pure Gold, Timeless, Shraddha Kapoor"
40,Tier 3: Toggle OFF + Boosted,Palmonas,"Pan-India / Maharashtra (HQ: Pune, D2C)",@prathawashere,327000,✨ Contemporary Demi-Fine Jewellery & Lifestyle,6101811,15952,242,0.26%,4.95%,2026-06-19,https://www.instagram.com/p/DZxZV18qBIr/,"🚀 Heavily Boosted (Paid Ad Spend): High view count (6,101,811) with sub-0.35% like rate (0.26%) indicates paid video ads campaign","Every monsoon commute feels like a side quest I never signed up for... ☔😮‍💨  Meanwhile, my jewellery treats it like a minor inconvenience and carries the entire look home! 😌🌻✨   Shop the Monsoon Sale while the offers are pouring in!⚡  [Everyday luxur"
41,Tier 3: Toggle OFF + Boosted,Palmonas,"Pan-India / Maharashtra (HQ: Pune, D2C)",@hastu__goyal,1000000,💎 Demi-Fine Gold & Anti-Tarnish Craft Lore,5727779,14054,61,0.25%,1.41%,2026-06-20,https://www.instagram.com/p/DZzqVNCRY4R/,"🚀 Heavily Boosted (Paid Ad Spend): High view count (5,727,779) with sub-0.35% like rate (0.25%) indicates paid video ads campaign","Walking through monsoon season like it’s a music video, because my jewellery refuses to have an indoor personality ☔  The Monsoon Sale is live, and apparently so is my shopping impulse! 🌧️  {Everyday luxury, Demi-fine jewellery, 18k gold vermeil, Gol"
42,Tier 3: Toggle OFF + Boosted,Palmonas,"Pan-India / Maharashtra (HQ: Pune, D2C)",@bahaar_art,620000,💎 Demi-Fine Gold & Anti-Tarnish Craft Lore,5565302,8312,115,0.15%,1.36%,2026-07-25,https://www.instagram.com/p/DbN6QIrISSu/,"🚀 Heavily Boosted (Paid Ad Spend): High view count (5,565,302) with sub-0.35% like rate (0.15%) indicates paid video ads campaign","Gen Z showing us how it’s done! I’d like to formally apologise to every gold and silver piece I insisted on keeping apart😬  We had a good run… the Palmonas x Tanya Ghavri Collection changed my mind😌✨  [Everyday luxury, Demi-fine jewellery, 18k gold v"
43,Tier 3: Toggle OFF + Boosted,Palmonas,"Pan-India / Maharashtra (HQ: Pune, D2C)",@veronica_awungshi,186000,💎 Demi-Fine Gold & Anti-Tarnish Craft Lore,5246385,11293,71,0.22%,6.11%,2026-06-18,https://www.instagram.com/p/DZuhU-4SkKq/,"🚀 Heavily Boosted (Paid Ad Spend): High view count (5,246,385) with sub-0.35% like rate (0.22%) indicates paid video ads campaign","If anyone asks, shopping the Palmonas’s Monsoon Season Sale counts as a productive use of screen time! 😌✨📱  My seasonal slump really didn’t stand a chance against a little sparkle! 🤭💫  Shop the sale NOW.  [Everyday luxury, Demi-fine jewellery, 18k go"
44,Tier 3: Toggle OFF + Boosted,Palmonas,"Pan-India / Maharashtra (HQ: Pune, D2C)",@esshanya_s_maheshwari,2000000,🌟 Celebrity Ambassador Campaign (Shraddha Kapoor),5096513,9449,82,0.19%,0.48%,2026-03-16,https://www.instagram.com/p/DV8ees-DC2l/,"🚀 Heavily Boosted (Paid Ad Spend): High view count (5,096,513) with sub-0.35% like rate (0.19%) indicates paid video ads campaign","Rom-com energy but styled with the kind of jewellery that deserves its own slow-motion entry!✨🌸  [Everyday luxury, Demi-fine jewellery, Timeless, Shraddha Kapoor Jewellery Brand, Amrita Rao, Affordable luxury]  #giftingseason #demifinejewellery  #lif"
45,Tier 3: Toggle OFF + Boosted,Palmonas,"Pan-India / Maharashtra (HQ: Pune, D2C)",@iamnaishakhanna,1000000,💎 Demi-Fine Gold & Anti-Tarnish Craft Lore,4890635,9614,100,0.20%,0.97%,2026-03-09,https://www.instagram.com/p/DVqcnXXjL8d/,"🚀 Heavily Boosted (Paid Ad Spend): High view count (4,890,635) with sub-0.35% like rate (0.2%) indicates paid video ads campaign","Learning about demi-fine jewellery changed my shopping habits immediately! 🤌🛍️  Because why choose between cute and expensive when you can have both.. 😌✨  [Everyday luxury, Demi-fine jewellery, 18k gold vermeil, Gold tone jewellery, Timeless, Shraddh"
46,Tier 3: Toggle OFF + Boosted,Palmonas,"Pan-India / Maharashtra (HQ: Pune, D2C)",@sayliipatil,136000,"🎁 Gifting, Festive & Occasion Drops",4619081,8375,95,0.18%,6.23%,2026-04-27,https://www.instagram.com/p/DXorUsUDJdq/,"🚀 Heavily Boosted (Paid Ad Spend): High view count (4,619,081) with sub-0.35% like rate (0.18%) indicates paid video ads campaign","Style isn’t always about doing the most.. sometimes it’s just about the right details! And for me, that’s always Palmonas! ✨💌  At this point, I’m convinced everything from Palmonas was made for me! 💫  —  [Akshay Tritiya, Festive Season, Everyday luxu"
47,Tier 3: Toggle OFF + Boosted,Palmonas,"Pan-India / Maharashtra (HQ: Pune, D2C)",@shreya__chaudhry,506000,💎 Demi-Fine Gold & Anti-Tarnish Craft Lore,4444840,10158,59,0.23%,2.02%,2026-05-18,https://www.instagram.com/p/DYezXTTqe2k/,"🚀 Heavily Boosted (Paid Ad Spend): High view count (4,444,840) with sub-0.35% like rate (0.23%) indicates paid video ads campaign","It’s Palmonas’ 4th birthday season and they’re giving me every reason to prioritise my jewellery obsession over everything else with their Birthday Sale! 😌💅✨  The sale is LIVE. Hurry! Shop now. 🛍️💫  [Everyday luxury, Demi-fine jewellery, 18k gold ver"
48,Tier 3: Toggle OFF + Boosted,Palmonas,"Pan-India / Maharashtra (HQ: Pune, D2C)",@muskaanmohnott,303000,🌟 Celebrity Ambassador Campaign (Shraddha Kapoor),4421440,5359,63,0.12%,1.79%,2026-08-20,https://www.instagram.com/p/DcQFZMrs9be/,"🚀 Heavily Boosted (Paid Ad Spend): High view count (4,421,440) with sub-0.35% like rate (0.12%) indicates paid video ads campaign","My brother really woke up and chose violence. 🙄 But luckily, he knew exactly how to make peace, with Palmonas! 🌻✨  [Its A Tie, Rakshabandhan, Everyday luxury, Demi-fine jewellery, 18k gold vermeil, Gold tone jewellery, Timeless, Shraddha Kapoor Jewel"
49,Tier 3: Toggle OFF + Boosted,Palmonas,"Pan-India / Maharashtra (HQ: Pune, D2C)",@sanika17_official,1000000,"🎁 Gifting, Festive & Occasion Drops",4180309,38658,131,0.92%,3.88%,2026-05-12,https://www.instagram.com/p/DYPQ1iQqrkI/,"🔍 Likely Boosted (Targeted Ad): Disproportionate views (4,180,309) relative to likes (38,658)","Palmonas turns 4 and their birthday behaviour is UNREAL! 🤩🎉✨  Because they decided to celebrate by treating all of us, and honestly? We support this energy! 😌  Their birthday sale is live, shop 3 for ₹2,999 or 4 for ₹3,499... because this birthday pa"
50,Tier 3: Toggle OFF + Boosted,Palmonas,"Pan-India / Maharashtra (HQ: Pune, D2C)",@komalsinghh___,290000,💎 Demi-Fine Gold & Anti-Tarnish Craft Lore,4022474,13755,75,0.34%,4.77%,2026-07-04,https://www.instagram.com/p/DaXaxkGATiV/,"🚀 Heavily Boosted (Paid Ad Spend): High view count (4,022,474) with sub-0.35% like rate (0.34%) indicates paid video ads campaign","Turns out, Palmonas is just as much of a beach baby as I am! 🌊🤍🐚  [Everyday luxury, Demi-fine jewellery, 18k gold vermeil, Gold tone jewellery, Timeless, Buy Now, Elegance, Affordable luxury, Shop Now, Visit our jewellery store near you, Palmonas]  #"
51,Tier 3: Toggle OFF + Boosted,Palmonas,"Pan-India / Maharashtra (HQ: Pune, D2C)",@sonalee18588,2000000,✨ Contemporary Demi-Fine Jewellery & Lifestyle,3557185,9123,67,0.26%,0.46%,2026-04-02,https://www.instagram.com/p/DWoJ--rjXMx/,"🚀 Heavily Boosted (Paid Ad Spend): High view count (3,557,185) with sub-0.35% like rate (0.26%) indicates paid video ads campaign","Somewhere along the way, what gold meant to me changed… ✨  This Akshaya Tritiya, I’m celebrating that shift with Palmonas—choosing to wear my gold daily, with their 9KT Fine Gold pieces! 💛  On purchases of ₹20,000 and above, receive a free gold coin"
52,Tier 3: Toggle OFF + Boosted,Palmonas,"Pan-India / Maharashtra (HQ: Pune, D2C)",@tanghavri,1000000,👗 Jewellery Styling & OOTD / GRWM,3416605,2587,39,0.08%,0.26%,2026-07-20,https://www.instagram.com/p/DbBKL6JTNlE/,"🚀 Heavily Boosted (Paid Ad Spend): High view count (3,416,605) with sub-0.35% like rate (0.08%) indicates paid video ads campaign","I’ve always believed jewellery is what brings an outfit to life. Now, I’ve turned that philosophy into a collection.  Presenting the Palmonas x Tanya Ghavri Collection, where every piece is designed exactly the way I love to style—layered, stacked, m"
53,Tier 3: Toggle OFF + Boosted,Palmonas,"Pan-India / Maharashtra (HQ: Pune, D2C)",@mitalimayekar,699000,"🎁 Gifting, Festive & Occasion Drops",3240018,16184,46,0.50%,2.32%,2026-04-04,https://www.instagram.com/p/DWtaUDgAlqD/,"🔍 Likely Boosted (Targeted Ad): Disproportionate views (3,240,018) relative to likes (16,184)","Him: “We should buy gold for Akshay Tritiya.” Me: Already wearing Palmonas 9KT Fine Gold 😌💛  Bonus? FREE gold coin on purchases of ₹20,000 & above. Festive gold + everyday elegance = the perfect win. ✨   [Akshay Tritiya, Auspicious Occasion, Festive"
54,Tier 3: Toggle OFF + Boosted,Palmonas,"Pan-India / Maharashtra (HQ: Pune, D2C)",@myteenytot,478000,💎 Demi-Fine Gold & Anti-Tarnish Craft Lore,3127203,17561,110,0.56%,3.70%,2026-05-08,https://www.instagram.com/p/DYE_esayBXW/,🚀 Boosted (Paid Ad Spend): High view multiplier (6.54x followers) combined with low engagement rate (0.56%),"Somewhere between balancing mom duties… I found moments that were just mine ✨💕  Because motherhood is made up of countless little joys, and Palmonas has something special #ForEveryMOMent 💫🌸  [Everyday luxury, Demi-fine jewellery, 18k gold vermeil, Go"
55,Tier 3: Toggle OFF + Boosted,Palmonas,"Pan-India / Maharashtra (HQ: Pune, D2C)",@darshanabanik,1000000,✨ Contemporary Demi-Fine Jewellery & Lifestyle,2989885,5651,54,0.19%,0.57%,2026-04-06,https://www.instagram.com/p/DWyqln0DvGy/,"🚀 Heavily Boosted (Paid Ad Spend): High view count (2,989,885) with sub-0.35% like rate (0.19%) indicates paid video ads campaign","Akshaya Tritiya always meant buying gold, a tradition I learned from my mom and still hold close 💛  And with Palmonas 9KT Fine Gold, I get to honour what’s meaningful in a way that’s completely my style ✨  This Akshaya Tritiya, make it count with Pal"
56,Tier 3: Toggle OFF + Boosted,Palmonas,"Pan-India / Maharashtra (HQ: Pune, D2C)",@dikshamunjal_,346000,💎 Demi-Fine Gold & Anti-Tarnish Craft Lore,2922224,6280,46,0.21%,1.83%,2026-05-20,https://www.instagram.com/p/DYj3cNjNOE4/,"🚀 Heavily Boosted (Paid Ad Spend): High view count (2,922,224) with sub-0.35% like rate (0.21%) indicates paid video ads campaign","It’s Palmonas’ 4th Birthday, and making me choose between cake and jewellery feels slightly unfair because the jewellery was ALWAYS going to win! 😌💅✨  Their Birthday Sale is officially live, so happy shopping besties! 🛍️🌻  [Everyday luxury, Demi-fine"
57,Tier 3: Toggle OFF + Boosted,Palmonas,"Pan-India / Maharashtra (HQ: Pune, D2C)",@chitranshi_dhyani,782000,💎 Demi-Fine Gold & Anti-Tarnish Craft Lore,2746574,3953,40,0.14%,0.51%,2026-03-04,https://www.instagram.com/p/DVdfIedDUHm/,"🚀 Heavily Boosted (Paid Ad Spend): High view count (2,746,574) with sub-0.35% like rate (0.14%) indicates paid video ads campaign","Be the friend with an elite gifting taste.. 😌✨ The one whose gift is talked about for the next three business days! 💅  Gift Palmonas, and remind them they’re THAT important! 💖  [Gifting, Women’s Day, Everyday luxury, Demi-fine jewellery, Timeless, Sh"
58,Tier 3: Toggle OFF + Boosted,Palmonas,"Pan-India / Maharashtra (HQ: Pune, D2C)",@deekshamishraofficial,741000,💎 Demi-Fine Gold & Anti-Tarnish Craft Lore,2577259,3,119,0.00%,0.02%,2026-05-09,https://www.instagram.com/p/DYHji4YRFYN/,"🚀 Heavily Boosted (Paid Ad Spend): High view count (2,577,259) with sub-0.35% like rate (0.0%) indicates paid video ads campaign","Mom life is basically me always being there whenever my kids need me, and I wouldn’t change a thing! 🩷✨🌼  And through it all, Palmonas became my little reminder #ForEveryMOMent that still feels like me. 💫  [Everyday luxury, Demi-fine jewellery, 18k g"
59,Tier 3: Toggle OFF + Boosted,Palmonas,"Pan-India / Maharashtra (HQ: Pune, D2C)",@vartikaaa____,138000,💎 Demi-Fine Gold & Anti-Tarnish Craft Lore,2526576,5614,60,0.22%,4.11%,2026-05-14,https://www.instagram.com/p/DYUbBCRs2Ik/,"🚀 Heavily Boosted (Paid Ad Spend): High view count (2,526,576) with sub-0.35% like rate (0.22%) indicates paid video ads campaign","Palmonas really said it’s our birthday but here’s a sale for YOU🎂💅  Turned 4 and immediately dropped 3 pieces for ₹2,999 & 4 for ₹3,499…The generosity is unmatched and I am SO here for it💍✨  [Everyday luxury, Demi-fine jewellery, 18k gold vermeil, Go"
60,Tier 3: Toggle OFF + Boosted,Palmonas,"Pan-India / Maharashtra (HQ: Pune, D2C)",@jyotika_atree,247000,✨ Contemporary Demi-Fine Jewellery & Lifestyle,2449608,2636,157,0.11%,1.13%,2026-05-07,https://www.instagram.com/p/DYCvHddSKcM/,"🚀 Heavily Boosted (Paid Ad Spend): High view count (2,449,608) with sub-0.35% like rate (0.11%) indicates paid video ads campaign","Showing up for everyone else comes naturally. Showing up for yourself? That’s the part we’re still learning.  This Mother’s Day, @palmonas_official is here #ForEveryMOMent that’s beautifully, unapologetically yours✨  From one mom to another, take it💛"
61,Tier 3: Toggle OFF + Boosted,Palmonas,"Pan-India / Maharashtra (HQ: Pune, D2C)",@babyuniicorn_,111000,💎 Demi-Fine Gold & Anti-Tarnish Craft Lore,2013333,2027,38,0.10%,1.86%,2026-02-26,https://www.instagram.com/p/DVOK2J8kxBf/,"🚀 Heavily Boosted (Paid Ad Spend): High view count (2,013,333) with sub-0.35% like rate (0.1%) indicates paid video ads campaign","Who said Holi and jewellery don’t mix? 🔫💛 This shine’s anti-tarnish, waterproof, sweatproof and on sale. 🌈✨  Shop the Palmonas Holi Sale…everything demifine at FLAT ₹999!  [Holi Sale, Everyday luxury, Demi-fine jewellery, 18k gold vermeil, Gold tone"
62,Tier 3: Toggle OFF + Boosted,Palmonas,"Pan-India / Maharashtra (HQ: Pune, D2C)",@rushaliyadavofc,295000,💎 Demi-Fine Gold & Anti-Tarnish Craft Lore,1628454,1211,24,0.07%,0.42%,2026-08-06,https://www.instagram.com/p/Dbss29cBhIL/,"🚀 Heavily Boosted (Paid Ad Spend): High view count (1,628,454) with sub-0.35% like rate (0.07%) indicates paid video ads campaign","Exploring’s more fun when your favourite someone is Palmonas.🏝️ Because life’s too short for boring plus ones.🩷💫  [Everyday luxury, Demi-fine jewellery, 18k gold vermeil, Gold tone jewellery, Timeless, Buy Now, Elegance, Affordable luxury, Shop Now,"
63,Tier 3: Toggle OFF + Boosted,Palmonas,"Pan-India / Maharashtra (HQ: Pune, D2C)",@meenakshigovindharajan_,411000,💎 Demi-Fine Gold & Anti-Tarnish Craft Lore,1547701,4482,23,0.29%,1.10%,2026-06-10,https://www.instagram.com/p/DZZ7SIpyzLx/,"🚀 Heavily Boosted (Paid Ad Spend): High view count (1,547,701) with sub-0.35% like rate (0.29%) indicates paid video ads campaign","My skin and my jewellery are finally on speaking terms.. 🤝  Turns out, all it took was Palmonas’ demi-fine jewellery! 🌻✨😌 A win for me, honestly! 💅  [Everyday luxury, Demi-fine jewellery, 18k gold vermeil, Gold tone jewellery, Timeless, Buy Now, Eleg"
64,Tier 3: Toggle OFF + Boosted,Palmonas,"Pan-India / Maharashtra (HQ: Pune, D2C)",@priyanka_balbudhe23,126000,👗 Jewellery Styling & OOTD / GRWM,1473729,6375,33,0.43%,5.09%,2026-06-28,https://www.instagram.com/p/DaGL7heO0VT/,🚀 Boosted (Paid Ad Spend): High view multiplier (11.7x followers) combined with low engagement rate (0.43%),"Just me, my playlist, miles of walking, and my favourite pieces from Palmonas! 🎶✨🤌  Turns out, the best travel companion is the one that goes with every outfit! 😌 At this point, they’ve seen just as much of New York as I have. 🤭🗽  [Everyday luxury, D"
65,Tier 3: Toggle OFF + Boosted,Palmonas,"Pan-India / Maharashtra (HQ: Pune, D2C)",@priyalmittall,241000,✨ Contemporary Demi-Fine Jewellery & Lifestyle,1219460,2430,43,0.20%,1.03%,2026-05-27,https://www.instagram.com/p/DY2OWkOyejg/,"🚀 Heavily Boosted (Paid Ad Spend): High view count (1,219,460) with sub-0.35% like rate (0.2%) indicates paid video ads campaign","An Evil Eye collection so pretty, even nazar stops and stares. Because the best way to fight bad energy is to look impossibly good doing it✨  @palmonas_official 💕  Shop the Evil Eye Collection before someone jinxes it🧿😏 . . . . . . . . . . . . . . ."
66,Tier 3: Toggle OFF + Boosted,Palmonas,"Pan-India / Maharashtra (HQ: Pune, D2C)",@_aaashiiii_,137000,"🎁 Gifting, Festive & Occasion Drops",1048629,1621,32,0.15%,1.21%,2026-08-22,https://www.instagram.com/p/DcWL7mdoToE/,"🚀 Heavily Boosted (Paid Ad Spend): High view count (1,048,629) with sub-0.35% like rate (0.15%) indicates paid video ads campaign","When your sibling says, “I don’t want anything for Rakhi,” you know that’s a lie. 😂 So just follow the clues, get the Palmonas × The Face Shop gift, and call it a win-win. 👀 She gets the jewellery and you get to raid her skincare. 🎀  *Offer exclusive"
67,Tier 3: Toggle OFF + Boosted,Palmonas,"Pan-India / Maharashtra (HQ: Pune, D2C)",@rishagowda_official,201000,💎 Demi-Fine Gold & Anti-Tarnish Craft Lore,1034508,4049,8,0.39%,2.02%,2026-07-14,https://www.instagram.com/p/Daxe7AeTnRT/,🚀 Boosted (Paid Ad Spend): High view multiplier (5.15x followers) combined with low engagement rate (0.39%),"Bengaluru, you’ve got a new spot to add to your weekend itinerary! 🤩✨  Palmonas has opened their 75th store in Marathahalli, and everything here is making it impossible to leave empty-handed. 😌🤌💫  Visit the store NOW. 🛍️  [Everyday luxury, Demi-fine"
68,Tier 3: Toggle OFF + Boosted,Palmonas,"Pan-India / Maharashtra (HQ: Pune, D2C)",@mohit.duseja,106000,💎 Demi-Fine Gold & Anti-Tarnish Craft Lore,953734,1522,43,0.16%,1.48%,2026-08-23,https://www.instagram.com/p/DcXznNSNf3x/,"🚀 Heavily Boosted (Paid Ad Spend): High view count (953,734) with sub-0.35% like rate (0.16%) indicates paid video ads campaign","Boys, assemble! 🫡 Your Best Brother title isn’t going to earn itself... 😏  This Rakhi, go the extra mile. Gift your sister Palmonas! 💫✨  (P.S. Thank me later 😉)  [Its A Tie, Rakshabandhan, Everyday luxury, Demi-fine jewellery, 18k gold vermeil, Gold"
69,Tier 3: Toggle OFF + Boosted,Palmonas,"Pan-India / Maharashtra (HQ: Pune, D2C)",@neeti_wadhwa2630,112000,"🎁 Gifting, Festive & Occasion Drops",938460,1679,50,0.18%,1.54%,2026-05-21,https://www.instagram.com/p/DYmevoFpQ07/,"🚀 Heavily Boosted (Paid Ad Spend): High view count (938,460) with sub-0.35% like rate (0.18%) indicates paid video ads campaign",Cake? Check. Jewellery Stack? Double Check🎂💍  I’m celebrating Palmonas turning 4 and honestly their birthday sale is giving MORE than the cake & confetti with 3 pieces @ ₹2999 AND 4 pieces @ ₹3499🎉🎊  The Birthday Sale is Live…Shop now!🛍️  [Everyday l
70,Tier 3: Toggle OFF + Boosted,Palmonas,"Pan-India / Maharashtra (HQ: Pune, D2C)",@mallaica,265000,🌟 Celebrity Ambassador Campaign (Shraddha Kapoor),877483,1654,51,0.19%,0.64%,2026-02-06,https://www.instagram.com/p/DUa-a8_GBLC/,"🚀 Heavily Boosted (Paid Ad Spend): High view count (877,483) with sub-0.35% like rate (0.19%) indicates paid video ads campaign","If only expressing your feelings were always this easy… oh wait, they are.😉   This Valentine’s, Say it with Palmonas 💝💛  [Valentine Gifting, Everyday luxury, Demi-fine jewellery, Timeless, Shraddha Kapoor Jewellery Brand, Amrita Rao, Affordable luxur"
71,Tier 3: Toggle OFF + Boosted,Palmonas,"Pan-India / Maharashtra (HQ: Pune, D2C)",@caffeine_and_more,122000,🏬 Store Walkthrough & Retail Experience,868331,3286,98,0.38%,2.77%,2026-07-07,https://www.instagram.com/p/DafccpBy43g/,🚀 Boosted (Paid Ad Spend): High view multiplier (7.12x followers) combined with low engagement rate (0.38%),"Retail therapy hits different when every shelf gives you another reason to stay! 😌✨ Pretty corners, prettier jewellery, and the kind of store you accidentally spend an hour in... 💫🤌🛍️  One visit to the Palmonas store at Wave Courtyard, Noida is all i"
72,Tier 3: Toggle OFF + Boosted,Palmonas,"Pan-India / Maharashtra (HQ: Pune, D2C)",@iabhishekkapoor,127000,"🎁 Gifting, Festive & Occasion Drops",801695,3,28,0.00%,0.02%,2026-02-11,https://www.instagram.com/p/DUnwK1tCGVB/,"🚀 Heavily Boosted (Paid Ad Spend): High view count (801,695) with sub-0.35% like rate (0.0%) indicates paid video ads campaign","Because the purest kind of love is found in the details that are noticed and never forgotten.. 🥰✨  This Valentine’s, celebrate that kind of love.. Say It With Palmonas and the golden touch of Ferrero Rocher! 💛  [Valentine Gifting, Couple Goals, Every"
73,Tier 3: Toggle OFF + Boosted,Palmonas,"Pan-India / Maharashtra (HQ: Pune, D2C)",@apkikashishh,165000,💎 Demi-Fine Gold & Anti-Tarnish Craft Lore,747672,1841,34,0.25%,1.14%,2026-05-26,https://www.instagram.com/p/DYzUPtMInQd/,"🚀 Heavily Boosted (Paid Ad Spend): High view count (747,672) with sub-0.35% like rate (0.25%) indicates paid video ads campaign","At this point, skip the “chaand taare” promises and just send me the Supernova Collection... ✨😌  This is your sign to go shop the collection before the stars disappear! 💫  [Everyday luxury, Demi-fine jewellery, 18k gold vermeil, Gold tone jewellery,"
74,Tier 3: Toggle OFF + Boosted,Palmonas,"Pan-India / Maharashtra (HQ: Pune, D2C)",@razorpay,406000,💎 Demi-Fine Gold & Anti-Tarnish Craft Lore,516050,867,25,0.17%,0.22%,2026-05-21,https://www.instagram.com/p/DYmRRjSypiG/,"🚀 Heavily Boosted (Paid Ad Spend): High view count (516,050) with sub-0.35% like rate (0.17%) indicates paid video ads campaign","They said ""demi-fine jewellery wasn’t a real category"". Pallavi Mohadikar Patwari, Palmonas, built one millions now swear by.  Watch her story now!  #BreakToBuild #Razorpay"
75,Tier 3: Toggle OFF + Boosted,Palmonas,"Pan-India / Maharashtra (HQ: Pune, D2C)",@palmonas.me,524,🏬 Store Walkthrough & Retail Experience,66364,326,8,0.49%,63.74%,2026-07-26,https://www.instagram.com/p/DbQZOUbto-X/,🚀 Boosted (Paid Ad Spend): High view multiplier (126.65x followers) combined with low engagement rate (0.49%),"From India to the UAE...this has been on our vision board for a while✨ Our very first store is now open at Reem Mall, Abu Dhabi, and we couldn't have asked for a better place to mark this milestone💛  The doors are officially open. Come say hello!👋  ["
76,Tier 3: Toggle OFF + Boosted,Palmonas,"Pan-India / Maharashtra (HQ: Pune, D2C)",@palmonas.me,524,🏬 Store Walkthrough & Retail Experience,47015,153,7,0.33%,30.53%,2026-07-10,https://www.instagram.com/p/DanhHgiNto1/,🚀 Boosted (Paid Ad Spend): High view multiplier (89.72x followers) combined with low engagement rate (0.33%),"Some pieces make it into your jewellery box. 😌 The good ones never really make it back... They're a part of every rotation! 🤌✨  Palmonas has arrived in the UAE. Discover your next favourites, now online and in stores. 🇦🇪💫  [Palmonas, UAE, Palmonas In"
77,Tier 4: Toggle OFF + Organic (Noise),Palmonas,"Pan-India / Maharashtra (HQ: Pune, D2C)",@shraddhakapoor,93000000,🌟 Celebrity Ambassador Campaign (Shraddha Kapoor),22233142,903988,9965,4.07%,0.98%,2026-01-14,https://www.instagram.com/p/DTfhi0TiD6i/,⚪ Standard Organic: Baseline organic collab reach,"Ok I surrender, since India’s Brand Ambassador of Vivah = @amrita_rao_insta, no one more perfect for our 9kt Gold Mangalsutras  @palmonas_official 🤷🏻‍♀️"
78,Tier 4: Toggle OFF + Organic (Noise),Palmonas,"Pan-India / Maharashtra (HQ: Pune, D2C)",@shraddhakapoor,93000000,🌟 Celebrity Ambassador Campaign (Shraddha Kapoor),13944569,203880,2560,1.46%,0.22%,2026-08-14,https://www.instagram.com/p/DcBhYpbIn7v/,⚪ Standard Organic: Baseline organic collab reach,Kanjoos bhaiyon ke liye good news laayi hoon
79,Tier 4: Toggle OFF + Organic (Noise),Palmonas,"Pan-India / Maharashtra (HQ: Pune, D2C)",@akankshachoudhary_official,4000000,💎 Demi-Fine Gold & Anti-Tarnish Craft Lore,9323578,475088,9253,5.10%,12.11%,2026-05-22,https://www.instagram.com/p/DYo_cKNIbrN/,"📈 Viral Organic Reach: High organic views (9,323,578) with strong like rate (5.1%)","Safe to say I followed the Palmonas’ 4th birthday theme to the ‘T’ – fully accessorised for the occasion, and ready to strike a pose for the paparazzi at any given moment! 😌✨💅  Their Birthday Sale is LIVE. Shop now! 🛍️  [Everyday luxury, Demi-fine je"
80,Tier 4: Toggle OFF + Organic (Noise),Palmonas,"Pan-India / Maharashtra (HQ: Pune, D2C)",@ritika_nayak__,1000000,✨ Contemporary Demi-Fine Jewellery & Lifestyle,5707515,73332,422,1.28%,7.38%,2026-04-05,https://www.instagram.com/p/DWv-mDRgM-r/,⚪ Standard Organic: Baseline organic collab reach,"I’ve stopped waiting for things to slow down... 💛  I’d rather choose what moves with me, like Palmonas 9KT Fine Gold – light, easy, and made for every day! 💫  And with a FREE gold coin on purchases of ₹20,000 & above… it just felt like the right move"
81,Tier 4: Toggle OFF + Organic (Noise),Palmonas,"Pan-India / Maharashtra (HQ: Pune, D2C)",@ashnoorkaur,10000000,💎 Demi-Fine Gold & Anti-Tarnish Craft Lore,4924467,118595,1030,2.41%,1.20%,2026-08-18,https://www.instagram.com/p/DcLjiR-s4WM/,⚪ Standard Organic: Baseline organic collab reach,"When the director said “cut,” we clearly didn’t get the memo! 🤭 Ten years later, the bond and banter are still alive, and this Rakhi, Palmonas gave us another reason to celebrate it! 💖✨  [Its A Tie, Rakshabandhan, Everyday luxury, Demi-fine jewellery"
82,Tier 4: Toggle OFF + Organic (Noise),Palmonas,"Pan-India / Maharashtra (HQ: Pune, D2C)",@shernavazjijina,980000,"🎁 Gifting, Festive & Occasion Drops",3941954,40399,104,1.02%,4.13%,2026-05-11,https://www.instagram.com/p/DYMqKh1NHiY/,⚪ Standard Organic: Baseline organic collab reach,"4 years of Palmonas, and they’re celebrating by giving back to you ✨ Because the best kind of birthday is where everyone wins 🥂  Their birthday sale is live, shop 3 for ₹2,999 or 4 for ₹3,499, and grab your birthday goodies now 🎁  [Everyday luxury, D"
83,Tier 4: Toggle OFF + Organic (Noise),Palmonas,"Pan-India / Maharashtra (HQ: Pune, D2C)",@priya.p.varrier,8000000,💎 Demi-Fine Gold & Anti-Tarnish Craft Lore,3906966,30863,193,0.79%,0.39%,2026-08-22,https://www.instagram.com/p/DcV3B_5SEF4/,⚪ Standard Organic: Baseline organic collab reach,"Roasting each other is just our love language,I guess. 🤭✨ So, this Rakhi,let the sibling games begin and call it a tie with Palmonas! 💫  [Its A Tie, Rakshabandhan, Everyday luxury, Demi-fine jewellery, 18k gold vermeil, Gold tone jewellery, Timeless,"
84,Tier 4: Toggle OFF + Organic (Noise),Palmonas,"Pan-India / Maharashtra (HQ: Pune, D2C)",@trinasaha21,2000000,✨ Contemporary Demi-Fine Jewellery & Lifestyle,3074677,27982,138,0.91%,1.41%,2026-04-09,https://www.instagram.com/p/DW6n91CT_Ux/,⚪ Standard Organic: Baseline organic collab reach,"This Akshay Tritiya, I’m keeping the tradition alive, just with gold that feels a little more me.. 💛✨  Palmonas’ 9KT Fine Gold fits into my everyday style like it was made for it! 💫  Because every celebration deserves a little extra, enjoy a FREE gol"
85,Tier 4: Toggle OFF + Organic (Noise),Palmonas,"Pan-India / Maharashtra (HQ: Pune, D2C)",@iamsamyuktha_,3000000,✨ Contemporary Demi-Fine Jewellery & Lifestyle,3042733,34934,291,1.15%,1.17%,2026-04-07,https://www.instagram.com/p/DW1TjkdT_lu/,⚪ Standard Organic: Baseline organic collab reach,"Some traditions are meant to evolve with you..💫 And this Akshay Tritiya, I’m doing it my way ✨  I’m choosing Palmonas 9KT Fine Gold that fits into my everyday – not locked away, but lived in! 💛🌼  Shop for ₹20,000 and above and receive a free 22KT gol"
86,Tier 4: Toggle OFF + Organic (Noise),Palmonas,"Pan-India / Maharashtra (HQ: Pune, D2C)",@shinydoshi15,2000000,💎 Demi-Fine Gold & Anti-Tarnish Craft Lore,2750205,40523,377,1.47%,2.04%,2026-08-19,https://www.instagram.com/p/DcOLwVdo-Fp/,⚪ Standard Organic: Baseline organic collab reach,"If roasting your sibling is a sport, my brother and I are pros! 🤭 But somewhere between the chaos, there’s always a little love, which was shared with Palmonas this Rakhi! 🌻😌✨   [Its A Tie, Rakshabandhan, Everyday luxury, Demi-fine jewellery, 18k gol"
87,Tier 4: Toggle OFF + Organic (Noise),Palmonas,"Pan-India / Maharashtra (HQ: Pune, D2C)",@vaishnavi_rao5,3000000,💎 Demi-Fine Gold & Anti-Tarnish Craft Lore,2295314,19716,108,0.86%,0.66%,2026-08-17,https://www.instagram.com/p/DcIZfLKgqEM/,⚪ Standard Organic: Baseline organic collab reach,"I have a sister, so naturally I have a full-time fashion critic! 🤭 This Rakhi, I thought I’d impress her with Palmonas… turns out she had the same idea…😌 Guess good taste runs in the family! 💅  [Its A Tie, Raksha bandhan, Everyday luxury, Demi-fine j"
88,Tier 4: Toggle OFF + Organic (Noise),Palmonas,"Pan-India / Maharashtra (HQ: Pune, D2C)",@it_is_madhuri,521000,"🎁 Gifting, Festive & Occasion Drops",1362280,11832,64,0.87%,2.28%,2026-04-10,https://www.instagram.com/p/DW9AvEikwlM/,⚪ Standard Organic: Baseline organic collab reach,"There’s something about Akshaya Tritiya… when every choice feels a little more meaningful 🌼✨💛  But this time, it wasn’t just a festive choice, it was something I’d reach for every day: Palmonas’ 9KT Fine Gold. 💫  To celebrate the occasion, enjoy a FR"
89,Tier 4: Toggle OFF + Organic (Noise),Palmonas,"Pan-India / Maharashtra (HQ: Pune, D2C)",@aryanshii09,5000000,✨ Contemporary Demi-Fine Jewellery & Lifestyle,1356683,19556,78,1.44%,0.39%,2026-07-30,https://www.instagram.com/p/DbasZQHope5/,⚪ Standard Organic: Baseline organic collab reach,"Long-distance besties are proof that distance is just a number... 😌 Because they still get real-time updates on all the gossip... and every single purchase you make! 🤭✨  This Friendship Day, celebrate the person who’s always just a call away with a l"
90,Tier 4: Toggle OFF + Organic (Noise),Palmonas,"Pan-India / Maharashtra (HQ: Pune, D2C)",@vanibhojan_,2000000,"🎁 Gifting, Festive & Occasion Drops",1080704,17605,190,1.63%,0.89%,2026-04-08,https://www.instagram.com/p/DW4AfqZkktf/,⚪ Standard Organic: Baseline organic collab reach,"Discipline was her thing. So was gold. Turns out some habits are worth keeping – the kind that never really go out of style.. 💛✨  This Akshaya Tritiya, I chose Palmonas’ 9KT Fine Gold to honour her love for gold. 💫  And because it’s the festive seaso"
91,Tier 4: Toggle OFF + Organic (Noise),Palmonas,"Pan-India / Maharashtra (HQ: Pune, D2C)",@just_rishuuuuu,1000000,💎 Demi-Fine Gold & Anti-Tarnish Craft Lore,1025900,12166,301,1.19%,1.25%,2026-07-29,https://www.instagram.com/p/DbYGSQ9NqSH/,⚪ Standard Organic: Baseline organic collab reach,"I never thought a fashion emergency would become my favourite memory... 🥹✨ Who knew one tiny act of kindness would turn into a lifelong friendship? 🌻💗  Safe to say, I have Palmonas to thank for this one! 😌  [Everyday luxury, Demi-fine jewellery, 18k"
92,Tier 4: Toggle OFF + Organic (Noise),Palmonas,"Pan-India / Maharashtra (HQ: Pune, D2C)",@the.riva.diva,197000,💎 Demi-Fine Gold & Anti-Tarnish Craft Lore,498387,2881,129,0.58%,1.53%,2026-05-10,https://www.instagram.com/p/DYKIK7bR3V2/,⚪ Standard Organic: Baseline organic collab reach,"Life lately has been beautifuly busy! I’m always in the middle of something, somewhere… 👩‍👧🩷✨  And somehow, @palmonas_official keeps up with every version of my day, #ForEveryMoment that matters most to me! 🌻  [Everyday luxury, Demi-fine jewellery, 1"
93,Tier 4: Toggle OFF + Organic (Noise),Palmonas,"Pan-India / Maharashtra (HQ: Pune, D2C)",@girijaprabhu_official,453000,🌟 Celebrity Ambassador Campaign (Shraddha Kapoor),477651,25819,117,5.41%,5.73%,2026-03-18,https://www.instagram.com/p/DWBqRTmDcbv/,"📈 Viral Organic Reach: High organic views (477,651) with strong like rate (5.41%)","Started the year on a well-dressed note, and Palmonas deserves full credit! 🌼✨  [Everyday luxury, Demi-fine jewellery, 18k gold vermeil, Gold tone jewellery, Timeless, Shraddha Kapoor Jewellery Brand, Buy Now, Elegance, Affordable luxury, Shop Now, V"
94,Tier 4: Toggle OFF + Organic (Noise),Palmonas,"Pan-India / Maharashtra (HQ: Pune, D2C)",@gehnasippy11,332000,💎 Demi-Fine Gold & Anti-Tarnish Craft Lore,429382,1463,76,0.34%,0.46%,2026-08-10,https://www.instagram.com/p/Db2_RYcvyMn/,⚪ Standard Organic: Baseline organic collab reach,"Turns out my playlist and my jewellery have one thing in common: both are better with a little remix. 😉 Add a little bit of this, a little bit of that, and suddenly it’s giving Palmonas. 👀  [Everyday luxury, Demi-fine jewellery, 18k gold vermeil, Gol"
95,Tier 4: Toggle OFF + Organic (Noise),Palmonas,"Pan-India / Maharashtra (HQ: Pune, D2C)",@soundousmoufakir,675000,💎 Demi-Fine Gold & Anti-Tarnish Craft Lore,338382,735,23,0.22%,0.11%,2026-06-29,https://www.instagram.com/p/DaK5VvGhcuk/,⚪ Standard Organic: Baseline organic collab reach,"This monsoon, I can confirm a sharp rise in jewellery collections over the coming days ☔💫, driven by heavy showers from Palmonas’ Monsoon Sale! So, act accordingly and go shop now! 📢✨  [Everyday luxury, Demi-fine jewellery, 18k gold vermeil, Gold ton"
96,Tier 4: Toggle OFF + Organic (Noise),Palmonas,"Pan-India / Maharashtra (HQ: Pune, D2C)",@thefaceshopindia_official,416000,"🎁 Gifting, Festive & Occasion Drops",330865,608,45,0.18%,0.16%,2026-08-20,https://www.instagram.com/p/DcQcbwnN0Kn/,⚪ Standard Organic: Baseline organic collab reach,"Somewhere between a jewellery stack and a skincare lies the sweet spot for Rakhi gifting and we’ve found it for you. 👀  Spend ₹2,999 at Palmonas and get The Face Shop skincare FREE. Spend ₹2,999 at The Face Shop and get a Palmonas bracelet FREE.  Bec"
97,Tier 4: Toggle OFF + Organic (Noise),Palmonas,"Pan-India / Maharashtra (HQ: Pune, D2C)",@amol_57007,9121,💎 Demi-Fine Gold & Anti-Tarnish Craft Lore,289747,15662,73,5.41%,172.51%,2026-03-30,https://www.instagram.com/p/DWgkvpXDRCL/,"📈 Viral Organic Reach: High organic views (289,747) with strong like rate (5.41%)",This Series B isn’t just funding. It’s fuel to build what we’ve always believed in.  9KT Gold. Demi-fine. 60+ stores. And we’re only warming up. ✨  Thank you for being part of the Palmonas journey.❤️  PS: Use code SeriesB for 5% off 9KT Fine Gold - n
98,Tier 4: Toggle OFF + Organic (Noise),Palmonas,"Pan-India / Maharashtra (HQ: Pune, D2C)",@bhavyanureja,160000,💎 Demi-Fine Gold & Anti-Tarnish Craft Lore,264788,611,19,0.23%,0.39%,2026-08-14,https://www.instagram.com/p/DcBRispCanf/,⚪ Standard Organic: Baseline organic collab reach,"If you relate to this video, we clearly share the same instincts!😌🫶  And the Palmonas’ Freedom Sale is where those instincts lead us. 🌻✨  [Everyday luxury, Demi-fine jewellery, 18k gold vermeil, Gold tone jewellery, Timeless, Buy Now, Elegance, Affor"
99,Tier 4: Toggle OFF + Organic (Noise),Palmonas,"Pan-India / Maharashtra (HQ: Pune, D2C)",@mehrpanchal,418000,💎 Demi-Fine Gold & Anti-Tarnish Craft Lore,262391,3,22,0.00%,0.01%,2026-08-22,https://www.instagram.com/p/DcVNw9NTyk5/,⚪ Standard Organic: Baseline organic collab reach,"I’ve officially used up my yearly brother-compliment quota, all thanks to Palmonas. He came through with a little jewellery, so I guess a little appreciation in return is fair. 😌💛   [Its A Tie, Rakshabandhan, Everyday luxury, Demi-fine jewellery, 18k"
100,Tier 4: Toggle OFF + Organic (Noise),Palmonas,"Pan-India / Maharashtra (HQ: Pune, D2C)",@razorpay,406000,💎 Demi-Fine Gold & Anti-Tarnish Craft Lore,258774,2232,27,0.86%,0.56%,2026-05-23,https://www.instagram.com/p/DYrwkeDys0a/,⚪ Standard Organic: Baseline organic collab reach,"Pallavi  was told demi-fine jewellery wouldn't work in a country obsessed with gold.   She trusted her gut anyway, and today Palmonas is one of the fastest-growing jewellery brands in India.   #Razorpay #BreakToBuild #BuiltAgainstTheOdds"
101,Tier 4: Toggle OFF + Organic (Noise),Palmonas,"Pan-India / Maharashtra (HQ: Pune, D2C)",@razorpay,406000,💎 Demi-Fine Gold & Anti-Tarnish Craft Lore,256571,1224,26,0.48%,0.31%,2026-05-21,https://www.instagram.com/p/DYmPwO_yxWN/,⚪ Standard Organic: Baseline organic collab reach,“They said this jewellery wouldn’t work in India.” She made Indians wear demi-fine jewellery anyway.  Meet Pallavi Mohadikar Patwari. Building where design meets intent.  Palmonas didn’t just break the barrier. It made everyday jewellery worth notici
102,Tier 4: Toggle OFF + Organic (Noise),Palmonas,"Pan-India / Maharashtra (HQ: Pune, D2C)",@kanika868,703000,"🎁 Gifting, Festive & Occasion Drops",251322,9251,58,3.68%,1.32%,2026-05-15,https://www.instagram.com/p/DYW-WUwSbJI/,⚪ Standard Organic: Baseline organic collab reach,"The way Palmonas celebrates their birthday needs to be studied! 😌🎉✨  Because they really woke up and chose generosity with their Birthday Sale, where you can buy 3 pieces for Rs. 2999 and 4 pieces for Rs. 3499! 🤩  Honestly, this is what a birthday ce"
103,Tier 4: Toggle OFF + Organic (Noise),Palmonas,"Pan-India / Maharashtra (HQ: Pune, D2C)",@vartikaaa____,138000,✨ Contemporary Demi-Fine Jewellery & Lifestyle,246564,857,30,0.35%,0.64%,2026-08-01,https://www.instagram.com/p/Dbf1q9XsjZY/,⚪ Standard Organic: Baseline organic collab reach,"My toxic trait is thinking my bestie’s jewellery collection is just an extension of my own🤭   Lucky for me, she doesn’t believe in gatekeeping especially when it comes to her favourite Palmonas finds😌✨  Comment ‘Palmonas’ for links🔗   [Everyday luxur"
104,Tier 4: Toggle OFF + Organic (Noise),Palmonas,"Pan-India / Maharashtra (HQ: Pune, D2C)",@_themetaversesoul,106000,💎 Demi-Fine Gold & Anti-Tarnish Craft Lore,233367,505,68,0.22%,0.54%,2026-08-13,https://www.instagram.com/p/Db_BFrKxDN2/,⚪ Standard Organic: Baseline organic collab reach,"I was thinking about what freedom means to me, and with Palmonas, I realised it comes in layers. 🌻✨Because every day, I get to choose a little more for myself!  [Everyday luxury, Demi-fine jewellery, 18k gold vermeil, Gold tone jewellery, Timeless, B"
105,Tier 4: Toggle OFF + Organic (Noise),Palmonas,"Pan-India / Maharashtra (HQ: Pune, D2C)",@anjali_tatrari,722000,💎 Demi-Fine Gold & Anti-Tarnish Craft Lore,230497,1215,103,0.53%,0.18%,2026-08-23,https://www.instagram.com/p/DcYcX_RtqRJ/,⚪ Standard Organic: Baseline organic collab reach,"Impersonating my brother only made me realise how annoying he is! 😏 But when it comes to picking a Rakhi gift, he knows exactly what I’d love, and these Palmonas picks prove it! 😌✨  [Its A Tie, Rakshabandhan, Everyday luxury, Demi-fine jewellery, 18k"
106,Tier 4: Toggle OFF + Organic (Noise),Palmonas,"Pan-India / Maharashtra (HQ: Pune, D2C)",@nyasajatavvvv,112000,✨ Contemporary Demi-Fine Jewellery & Lifestyle,213583,2685,15,1.26%,2.41%,2026-06-22,https://www.instagram.com/p/DZ423evM9d1/,⚪ Standard Organic: Baseline organic collab reach,"Whoever said “save it for a rainy day” had a point. We’re just talking about a different kind of saving🌦️  And since it’s already pouring outside, you might as well Get Drenched in Palmonas, too✨  Shop the Monsoon Sale now🛍️  [Everyday luxury, Demi-f"
107,Tier 4: Toggle OFF + Organic (Noise),Palmonas,"Pan-India / Maharashtra (HQ: Pune, D2C)",@hemalingle,322000,🌟 Celebrity Ambassador Campaign (Shraddha Kapoor),197439,3028,36,1.53%,0.95%,2026-03-19,https://www.instagram.com/p/DWDlbw3irF-/,⚪ Standard Organic: Baseline organic collab reach,"Some traditions stay with you. Some you learn to make your own…This Gudi Padwa, keep what feels like home close and welcome the joy of new beginnings.✨🌺  [Everyday luxury, Demi-fine jewellery, 18k gold vermeil, Gold tone jewellery, Timeless, Shraddha"
108,Tier 4: Toggle OFF + Organic (Noise),Palmonas,"Pan-India / Maharashtra (HQ: Pune, D2C)",@zeptonow,747000,🌟 Celebrity Ambassador Campaign (Shraddha Kapoor),192229,4634,212,2.41%,0.65%,2026-02-13,https://www.instagram.com/p/DUsXC2hj2mV/,⚪ Standard Organic: Baseline organic collab reach,"This Valentine’s, @shraddhakapoor is saving you from potential kalesh..😌  We understand that being forgetful is human, but fixing it in minutes with our jewellery from Zepto is a power move!😌💝  So, men, assemble! The ultimate Valentine’s fix is just"
109,Tier 4: Toggle OFF + Organic (Noise),Palmonas,"Pan-India / Maharashtra (HQ: Pune, D2C)",@navika_kotia,645000,💎 Demi-Fine Gold & Anti-Tarnish Craft Lore,190698,983,29,0.52%,0.16%,2026-08-20,https://www.instagram.com/p/DcQur1EoYTN/,⚪ Standard Organic: Baseline organic collab reach,"I finally cracked the sibling code 🤭: if they say they don’t care, they probably care the most!🌻✨  This Rakhi, let Palmonas say what neither of you ever will!🌻😌  [Its A Tie, Rakshabandhan, Everyday luxury, Demi-fine jewellery, 18k gold vermeil, Gold"
110,Tier 4: Toggle OFF + Organic (Noise),Palmonas,"Pan-India / Maharashtra (HQ: Pune, D2C)",@mishreena_matta,360000,👗 Jewellery Styling & OOTD / GRWM,173190,2120,43,1.22%,0.60%,2026-07-01,https://www.instagram.com/p/DaQUMG_PdGs/,⚪ Standard Organic: Baseline organic collab reach,"My outfits have one non-negotiable: Palmonas! ✨🌻  It’s the one thing that makes every look feel complete. Safe to say, it’s part of the routine now! 😌  [Everyday luxury, Demi-fine jewellery, 18k gold vermeil, Gold tone jewellery, Timeless, Buy Now, E"
111,Tier 4: Toggle OFF + Organic (Noise),Palmonas,"Pan-India / Maharashtra (HQ: Pune, D2C)",@ayoshitalukdar,219000,💎 Demi-Fine Gold & Anti-Tarnish Craft Lore,162066,524,32,0.32%,0.25%,2026-08-21,https://www.instagram.com/p/DcTc2JbIdLb/,⚪ Standard Organic: Baseline organic collab reach,"Sisterhood is having a built-in best friend, therapist, and certified menace all in one person.  This Rakhi, celebrate that beautifully chaotic bond with Palmonas!✨💛  [Its A Tie, Rakshabandhan, Everyday luxury, Demi-fine jewellery, 18k gold vermeil,"
112,Tier 4: Toggle OFF + Organic (Noise),Palmonas,"Pan-India / Maharashtra (HQ: Pune, D2C)",@vaishaliattri,177000,💎 Demi-Fine Gold & Anti-Tarnish Craft Lore,155604,875,43,0.56%,0.52%,2026-08-29,https://www.instagram.com/p/Dcn43c0zyAB/,⚪ Standard Organic: Baseline organic collab reach,"In my jewellery maxxing era, because with Palmonas, there’s always room for one more. 😉💍  [Everyday luxury, Demi-fine jewellery, 18k gold vermeil, Gold tone jewellery, Timeless, Buy Now, Elegance, Affordable luxury, Shop Now, Visit our jewellery stor"
113,Tier 4: Toggle OFF + Organic (Noise),Palmonas,"Pan-India / Maharashtra (HQ: Pune, D2C)",@vridhijainofficial,109000,💎 Demi-Fine Gold & Anti-Tarnish Craft Lore,148534,1522,34,1.02%,1.43%,2026-04-19,https://www.instagram.com/p/DXUDHhfkQTJ/,⚪ Standard Organic: Baseline organic collab reach,"Akshaya Tritiya is here and my gold plans sorted themselves out a little too easily!✨💛  Palmonas really did not hold back this time, with a FREE 22KT gold coin on purchases of ₹20,000+ and Buy 1 Get 1 on demi-fine pieces💫  Head to your nearest store"
114,Tier 4: Toggle OFF + Organic (Noise),Palmonas,"Pan-India / Maharashtra (HQ: Pune, D2C)",@shivanimundhekar_,191000,💎 Demi-Fine Gold & Anti-Tarnish Craft Lore,136857,2618,30,1.91%,1.39%,2026-04-14,https://www.instagram.com/p/DXG3TMFMDWn/,⚪ Standard Organic: Baseline organic collab reach,"It’s beautiful how the things you grow up watching… find their way back to you. ✨   Because now I get why moms never skip buying gold on Akshaya Tritiya! 🪷 So this year, I chose Palmonas 9KT Fine Gold – smart, versatile and made for daily wear. 💛  To"
115,Tier 4: Toggle OFF + Organic (Noise),Palmonas,"Pan-India / Maharashtra (HQ: Pune, D2C)",@underneat.in,599000,💎 Demi-Fine Gold & Anti-Tarnish Craft Lore,119703,997,63,0.83%,0.18%,2026-06-05,https://www.instagram.com/p/DZNEzNKyh70/,⚪ Standard Organic: Baseline organic collab reach,"Underneat all the mystery, Palmonas discovered a gem of a crossover, nobody asked for, but everybody needed😌💫  And let’s just say, something’s shaping up beautifully. Stay tuned!🌻✨  [Everyday luxury, Demi-fine jewellery, 18k gold vermeil, Gold tone j"
116,Tier 4: Toggle OFF + Organic (Noise),Palmonas,"Pan-India / Maharashtra (HQ: Pune, D2C)",@gaurikulkarniofficial,99000,🌟 Celebrity Ambassador Campaign (Shraddha Kapoor),117440,1982,65,1.69%,2.07%,2026-03-24,https://www.instagram.com/p/DWRKXzkAhED/,⚪ Standard Organic: Baseline organic collab reach,"Not gatekeeping, just letting you connect the dots, because you already know the answer! 😌💅  [Everyday luxury, Demi-fine jewellery, 18k gold vermeil, Gold tone jewellery, Timeless, Shraddha Kapoor Jewellery Brand, Buy Now, Elegance, Affordable luxury"
117,Tier 4: Toggle OFF + Organic (Noise),Palmonas,"Pan-India / Maharashtra (HQ: Pune, D2C)",@amazonfashionin,2000000,"📦 Unboxing, Try-On & Product Review",103242,162,8,0.16%,0.01%,2026-08-23,https://www.instagram.com/p/DcY0E8TNBKD/,⚪ Standard Organic: Baseline organic collab reach,"We’ve all been there… 🤭 You procrastinated for a little too long, and suddenly Rakhi is around the corner! 😬✨  But luckily, @amazonfashionin has come to the rescue with up to 60% OFF on Palmonas and 24-hour Prime delivery, so there’s still time to sa"
118,Tier 4: Toggle OFF + Organic (Noise),Palmonas,"Pan-India / Maharashtra (HQ: Pune, D2C)",@teeyachawla,157000,💎 Demi-Fine Gold & Anti-Tarnish Craft Lore,99969,836,46,0.84%,0.56%,2026-07-24,https://www.instagram.com/p/DbKlbe0ha-y/,⚪ Standard Organic: Baseline organic collab reach,"You know I wasn't going to miss this✨ Palmonas' newest store is now open at DLF Galleria, Gurgaon, and I just had to be there!  Let's just say... my step count went up, and so did my jewellery collection.🛍️💫  [Everyday luxury, Demi-fine jewellery, 18"
119,Tier 4: Toggle OFF + Organic (Noise),Palmonas,"Pan-India / Maharashtra (HQ: Pune, D2C)",@underneat.in,599000,🎬 Comedy & Relatable Skit,82991,649,8,0.78%,0.11%,2026-06-28,https://www.instagram.com/p/DaHsdpFNFyR/,⚪ Standard Organic: Baseline organic collab reach,"POV: The best part of the collab wasn’t the campaign. It was you.  From your everyday fits to your special occasion looks, you made the @palmonas_official × @underneat.in story your own.  Here’s a little love letter to our community and all the incre"
120,Tier 4: Toggle OFF + Organic (Noise),Palmonas,"Pan-India / Maharashtra (HQ: Pune, D2C)",@tanghavri,1000000,✨ Contemporary Demi-Fine Jewellery & Lifestyle,80651,414,16,0.51%,0.04%,2026-07-24,https://www.instagram.com/p/DbK7p_rJ1JJ/,⚪ Standard Organic: Baseline organic collab reach,"Looksmaxxing reimagined through jewellery!  My take on the trend with Palmonas “Jewellery Maxxing” ✨  Tanya Ghavri collection now live on @palmonas_official website, go shop now!  #TanyaGhavri #Palmonas #DemiFine"
121,Tier 4: Toggle OFF + Organic (Noise),Palmonas,"Pan-India / Maharashtra (HQ: Pune, D2C)",@ugaoo,402000,✨ Contemporary Demi-Fine Jewellery & Lifestyle,72144,424,4,0.59%,0.11%,2026-04-21,https://www.instagram.com/p/DXZe1TKjTm-/,⚪ Standard Organic: Baseline organic collab reach,"Earth Day wasn’t ready for this crossover… and this is only the first sprout of the story! 🌍🤭✨  Because not all matches are made in heaven, some are grown and adorned. 🌱  Stay tuned… next episode’s going to grow on you! ✨😌  #Palmonas #Ugaoo #EarthDay"
122,Tier 4: Toggle OFF + Organic (Noise),Palmonas,"Pan-India / Maharashtra (HQ: Pune, D2C)",@ugaoo,402000,✨ Contemporary Demi-Fine Jewellery & Lifestyle,69234,586,598,0.85%,0.29%,2026-04-22,https://www.instagram.com/p/DXb_aK8NE4f/,⚪ Standard Organic: Baseline organic collab reach,"Green Giveaway Alert! 🪴  From over-planting plans to finally just letting it grow 🌱✨ Turns out you don’t need a full garden or a full stack, just a start!  Earth Day isn’t about doing the most, it’s about doing your bit 🌿💍  If you’re starting somewhe"
123,Tier 4: Toggle OFF + Organic (Noise),Palmonas,"Pan-India / Maharashtra (HQ: Pune, D2C)",@palmonas.me,524,✨ Contemporary Demi-Fine Jewellery & Lifestyle,67498,658,33,0.97%,131.87%,2026-04-09,https://www.instagram.com/p/DW6Ly2qjQqW/,⚪ Standard Organic: Baseline organic collab reach,"Our passport just got stamped, and we’re officially in the UAE! 🇦🇪  We’re now live on @noon_uae, fitting right into Dubai scrolls, Abu Dhabi plans, and everyday moments!✨💛  [Palmonas, UAE, Palmonas In Dubai, Everyday luxury, 9KT Pure Gold, Demifine J"
124,Tier 4: Toggle OFF + Organic (Noise),Palmonas,"Pan-India / Maharashtra (HQ: Pune, D2C)",@mohadikar.pallavi,21000,✨ Contemporary Demi-Fine Jewellery & Lifestyle,66104,465,13,0.70%,2.28%,2026-03-08,https://www.instagram.com/p/DVoMyJztcqv/,⚪ Standard Organic: Baseline organic collab reach,"That’s #HerButterflyEffect in action! A whole squad of boss ladies, all in one room.. 😌✨💅  A radiant reminder this Women’s Day: Every woman who starts something today becomes the reason someone else takes the leap tomorrow!🌼👑  [Everyday luxury, Demi-"
125,Tier 4: Toggle OFF + Organic (Noise),Palmonas,"Pan-India / Maharashtra (HQ: Pune, D2C)",@palmonas.me,524,✨ Contemporary Demi-Fine Jewellery & Lifestyle,65952,3565,41,5.41%,688.17%,2026-04-20,https://www.instagram.com/p/DXW8pcIDYpa/,"📈 Viral Organic Reach: High organic views (65,952) with strong like rate (5.41%)","UAE, prepare to be gold-struck! 🤩✨ Join the waitlist for exclusive perks – enjoy early access and an extra 10% off!   Grab a front-row seat to the shine... something major is landing, and missing out isn’t an option! 😌💫  [Palmonas, UAE, Palmonas In D"
126,Tier 4: Toggle OFF + Organic (Noise),Palmonas,"Pan-India / Maharashtra (HQ: Pune, D2C)",@archiesonline,41000,🏬 Store Walkthrough & Retail Experience,57206,443,6,0.77%,1.10%,2026-03-05,https://www.instagram.com/p/DVgLiP8jXAs/,⚪ Standard Organic: Baseline organic collab reach,"A necklace can sparkle and a ring can shine, but the real radiance comes from the woman wearing it!👸✨💖  This Women’s Day, @palmonas_official X @archiesonline celebrate the women who play the game on their own terms!✨😌   Live on our retail stores on 7"
127,Tier 4: Toggle OFF + Organic (Noise),Palmonas,"Pan-India / Maharashtra (HQ: Pune, D2C)",@getwetfitofficial,33000,🏬 Store Walkthrough & Retail Experience,53529,206,4,0.38%,0.64%,2026-06-26,https://www.instagram.com/p/DaCgHiuttho/,⚪ Standard Organic: Baseline organic collab reach,"Not your usual evening. Not your usual Pilates class. 🌊✨  Floating between balance and chaos, calm and laughter, we brought Pune’s first Aqua Pilates experience to life as the sun set around us.  A reminder that the best memories are often made when"
128,Tier 4: Toggle OFF + Organic (Noise),Palmonas,"Pan-India / Maharashtra (HQ: Pune, D2C)",@mohadikar.pallavi,21000,✨ Contemporary Demi-Fine Jewellery & Lifestyle,51730,509,9,0.98%,2.47%,2026-04-16,https://www.instagram.com/p/DXMU9e7Nrms/,⚪ Standard Organic: Baseline organic collab reach,"The golden season has officially arrived 🪷✨  And our founder, Pallavi Mohadikar, brings a fresh take to Akshaya Tritiya – where gold isn’t saved just for occasions, but styled every day with Palmonas 9KT Fine Gold ✨💛  Celebrate Akshaya Tritiya with a"
129,Tier 4: Toggle OFF + Organic (Noise),Palmonas,"Pan-India / Maharashtra (HQ: Pune, D2C)",@change.is.us,9918,🏬 Store Walkthrough & Retail Experience,47035,275,14,0.58%,2.91%,2026-06-05,https://www.instagram.com/p/DZMwA71BNV5/,⚪ Standard Organic: Baseline organic collab reach,"Not your regular beach day… this one came with a mission! 🌊💙  At Juhu Beach, Mumbai, as part of our Environment Day initiative, we teamed up with @change.is.us and came together as a community to take action – For the ocean, for the future, for all o"
130,Tier 4: Toggle OFF + Organic (Noise),Palmonas,"Pan-India / Maharashtra (HQ: Pune, D2C)",@trysugar,3000000,✨ Contemporary Demi-Fine Jewellery & Lifestyle,27398,1481,4284,5.41%,0.19%,2026-08-03,https://www.instagram.com/p/DblUNaYDS2J/,⚪ Standard Organic: Baseline organic collab reach,✨ GIVEAWAY ALERT ✨  One exciting giveaway  Two of your favourites  @palmonas_official × @trysugar are bringing you the chance to win an exclusive hamper filled with must-have goodies! 🎁  Here’s how to enter: 💛 Follow @palmonas_official & @trysugar 👯
131,Tier 4: Toggle OFF + Organic (Noise),Palmonas,"Pan-India / Maharashtra (HQ: Pune, D2C)",@mcaffeineofficial,779000,✨ Contemporary Demi-Fine Jewellery & Lifestyle,23661,1279,2324,5.41%,0.46%,2026-02-13,https://www.instagram.com/p/DUssxn8iL-Y/,⚪ Standard Organic: Baseline organic collab reach,#GIVEAWAYALERT 💎❤️  some love stories deserve to shine a little brighter ✨  @mcaffeineofficial x @palmonas_official coming together for a blingy escape ✨  and guess what? it’s now LIVE on Blinkit 💛 all in one combo - just a tap away ✨  ready to wear
132,Tier 4: Toggle OFF + Organic (Noise),Palmonas,"Pan-India / Maharashtra (HQ: Pune, D2C)",@libasindia,772000,✨ Contemporary Demi-Fine Jewellery & Lifestyle,18370,993,5958,5.41%,0.90%,2026-08-25,https://www.instagram.com/p/Dcdp7TiE_sM/,⚪ Standard Organic: Baseline organic collab reach,"This Raksha Bandhan, Libas X @palmonas_official brings a special sibling giveaway. Participate for a chance to be among 10 lucky winners who will take home a Libas voucher worth ₹2,000 AND a Palmonas hamper worth ₹1,199 😉✨  Here’s what you need to do"
133,Tier 4: Toggle OFF + Organic (Noise),Palmonas,"Pan-India / Maharashtra (HQ: Pune, D2C)",@lovechildbymasaba,191000,"🎁 Gifting, Festive & Occasion Drops",15743,851,1140,5.41%,1.04%,2026-08-18,https://www.instagram.com/p/DcLPoPstgFl/,⚪ Standard Organic: Baseline organic collab reach,"This Rakhi, we’re celebrating the sibling who drives you crazy, steals your stuff, knows all your secrets, and somehow remains your favourite person.😌  So tell us: What’s one thing you’ll never stop fighting with your sibling about? 👀   Drop your ans"
134,Tier 4: Toggle OFF + Organic (Noise),Palmonas,"Pan-India / Maharashtra (HQ: Pune, D2C)",@chaayos,174000,✨ Contemporary Demi-Fine Jewellery & Lifestyle,12654,684,0,5.41%,0.39%,2026-05-04,https://www.instagram.com/p/DX6zjhUAgcH/,⚪ Standard Organic: Baseline organic collab reach,"*Giveaway Closed*  𝖦̶𝖨̶𝖵̶𝖤̶𝖠̶𝖶̶𝖠̶𝖸̶ GIVEBACK ✨💚  Palmonas x Chaayos- Celebrating the unspoken language of hands. Ones that have held us, healed us, fed us, and always found a way to say “I’m here” 🤍  Here’s how to win this for your #mom:  1️⃣ Tell us"
135,Tier 4: Toggle OFF + Organic (Noise),Palmonas,"Pan-India / Maharashtra (HQ: Pune, D2C)",@igpcom,261000,✨ Contemporary Demi-Fine Jewellery & Lifestyle,12617,682,1066,5.41%,0.67%,2026-07-28,https://www.instagram.com/p/DbV3XINDffO/,⚪ Standard Organic: Baseline organic collab reach,"Here’s to the friendships that are meant to last forever. 🫶  From graduation memories to every milestone after, some people stay by your side through thick and thin. 🩵  That’s why @palmonas_official X @igpcom are treating 5 lucky winners to 3 amazing"
136,Tier 4: Toggle OFF + Organic (Noise),Palmonas,"Pan-India / Maharashtra (HQ: Pune, D2C)",@thefaceshopindia_official,416000,"🎁 Gifting, Festive & Occasion Drops",12006,649,878,5.41%,0.37%,2026-08-21,https://www.instagram.com/p/DcS_xmwN3EG/,⚪ Standard Organic: Baseline organic collab reach,"✨RAKHI GIVEAWAY ALERT!✨  Your forever partner-in-crime deserves a little something extra this Rakhi! 👭🏻💚  & That’s why @thefaceshopindia_official x @palmonas_official are teaming up to make sibling gifting twice as exciting, as we’re giving away ₹6,0"
137,Tier 4: Toggle OFF + Organic (Noise),Palmonas,"Pan-India / Maharashtra (HQ: Pune, D2C)",@tanghavri,1000000,🌟 Celebrity Ambassador Campaign (Shraddha Kapoor),10434,564,4,5.41%,0.06%,2026-07-21,https://www.instagram.com/p/DbBRA7xDdDI/,⚪ Standard Organic: Baseline organic collab reach,"If Tanya Ghavri had access to your jewellery box... it’d probably look a lot like the Palmonas x Tanya Ghavri Collection. 😉✨  [Tanya Ghavri, Everyday luxury, Demi-fine jewellery, 18k gold vermeil, Gold tone jewellery, Timeless, Shraddha Kapoor Jewell"
138,Tier 4: Toggle OFF + Organic (Noise),Palmonas,"Pan-India / Maharashtra (HQ: Pune, D2C)",@palmonas.me,524,🌟 Celebrity Ambassador Campaign (Shraddha Kapoor),8047,435,13,5.41%,85.50%,2026-04-24,https://www.instagram.com/p/DXgmrB_jUrF/,"📈 Viral Organic Reach: High organic views (8,047) with strong like rate (5.41%)","Your social calendar in the UAE works overtime, and your jewellery should be just as committed💛✨  [Palmonas, UAE, Palmonas In Dubai, Everyday luxury, 9KT Pure Gold, Demifine Jewellery, Shraddha Kapoor] #NewLaunch #PalmonasInDubai #PalmonasOnNoon #Dem"
139,Tier 4: Toggle OFF + Organic (Noise),Palmonas,"Pan-India / Maharashtra (HQ: Pune, D2C)",@underneat.in,599000,✨ Contemporary Demi-Fine Jewellery & Lifestyle,7899,427,38,5.41%,0.08%,2026-06-08,https://www.instagram.com/p/DZU3k7yAF72/,⚪ Standard Organic: Baseline organic collab reach,"There are two things you never cut corners on, what you wear closest to your skin and what you wear closest to your heart ❤️   @underneat.in x @palmonas_official just took care of both 🧚🏼‍♀️ Shop from either website and receive a complimentary piece"
140,Tier 4: Toggle OFF + Organic (Noise),Palmonas,"Pan-India / Maharashtra (HQ: Pune, D2C)",@palmonas.me,524,🌟 Celebrity Ambassador Campaign (Shraddha Kapoor),4329,234,13,5.41%,47.14%,2026-04-24,https://www.instagram.com/p/DXhP7pqDXp1/,"📈 Viral Organic Reach: High organic views (4,329) with strong like rate (5.41%)","Dubai, we've had you on our mind for a while now😌 The bags are packed, the gold is polished and we're almost at your door🧳 Sit tight, we're coming🌴👑  [Palmonas, UAE, Palmonas In Dubai, Everyday luxury, 9KT Pure Gold, Demifine Jewellery, Shraddha Kapo"
141,Tier 4: Toggle OFF + Organic (Noise),Palmonas,"Pan-India / Maharashtra (HQ: Pune, D2C)",@palmonas.me,524,🌟 Celebrity Ambassador Campaign (Shraddha Kapoor),3755,203,4,5.41%,39.50%,2026-07-10,https://www.instagram.com/p/DanMdo2jSHv/,"📈 Viral Organic Reach: High organic views (3,755) with strong like rate (5.41%)","Wherever the day takes you, the right details never feel out of place💫  Discover Palmonas, now in the UAE. Find your favourites online and in store🇦🇪✨  [Palmonas, UAE, Palmonas In Dubai, Everyday luxury, 9KT Pure Gold, Demifine Jewellery, Shraddha Ka"
142,Tier 4: Toggle OFF + Organic (Noise),Palmonas,"Pan-India / Maharashtra (HQ: Pune, D2C)",@zeptonow,747000,"📦 Unboxing, Try-On & Product Review",3626,196,152,5.41%,0.05%,2026-05-09,https://www.instagram.com/p/DYHOm0TDlad/,⚪ Standard Organic: Baseline organic collab reach,"For everyone currently looking up “same day delivery near me”... Palmonas is on Zepto! 😌✨💐  This Mother’s Day, secure your mom’s favourite child status! 😌 Go shop now!"
143,Tier 4: Toggle OFF + Organic (Noise),Palmonas,"Pan-India / Maharashtra (HQ: Pune, D2C)",@socialoffline,196000,✨ Contemporary Demi-Fine Jewellery & Lifestyle,3607,195,2,5.41%,0.10%,2026-03-05,https://www.instagram.com/p/DVf3zcKDL_Z/,⚪ Standard Organic: Baseline organic collab reach,"So… we’re giving away Palmonas goodie bags. 💅✨ This women’s week, SOCIAL and Palmonas are celebrating the women who show up, sing loud and light up the room.  Join us for She-nanigans: a women-only night of free drinks, karaoke, and the kind of loud"
